Goal,Target,Indicator,SeriesCode,SeriesDescription,GeoAreaCode,GeoAreaName,TimePeriod,Value,Time_Detail,TimeCoverage,UpperBound,LowerBound,BasePeriod,Source,GeoInfoUrl,FootNote,[Hazard type],[Nature],[Report Ordinal],[Reporting Type],[Type of support],[Units]
13.0,13.1,13.1.1,VC_DSR_MISS,Number of missing persons due to disaster (number),858.0,Uruguay,2018.0,0.0,2018,,,,,United Nations Office for Disaster Risk Reduction (2023),,Disclaimer: the data being submitted by UNDRR has been extracted from two sources: (a) the Sendai Framework Monitoring System as provided by designated national focal points; and (b) Desinventar disaster loss databases. Some of the data has not followed an official validation process and may be subject to revision at a later date.,,C,,G,,NUMBER
13.0,13.1,13.1.1,VC_DSR_MISS,Number of missing persons due to disaster (number),858.0,Uruguay,2019.0,0.0,2019,,,,,United Nations Office for Disaster Risk Reduction (2023),,Disclaimer: the data being submitted by UNDRR has been extracted from two sources: (a) the Sendai Framework Monitoring System as provided by designated national focal points; and (b) Desinventar disaster loss databases. Some of the data has not followed an official validation process and may be subject to revision at a later date.,,C,,G,,NUMBER
13.0,13.1,13.1.1,VC_DSR_MISS,Number of missing persons due to disaster (number),858.0,Uruguay,2020.0,0.0,2020,,,,,United Nations Office for Disaster Risk Reduction (2023),,Disclaimer: the data being submitted by UNDRR has been extracted from two sources: (a) the Sendai Framework Monitoring System as provided by designated national focal points; and (b) Desinventar disaster loss databases. Some of the data has not followed an official validation process and may be subject to revision at a later date.,,C,,G,,NUMBER
13.0,13.1,13.1.1,VC_DSR_MISS,Number of missing persons due to disaster (number),858.0,Uruguay,2021.0,0.0,2021,,,,,United Nations Office for Disaster Risk Reduction (2023),,Disclaimer: the data being submitted by UNDRR has been extracted from two sources: (a) the Sendai Framework Monitoring System as provided by designated national focal points; and (b) Desinventar disaster loss databases. Some of the data has not followed an official validation process and may be subject to revision at a later date.,,C,,G,,NUMBER
13.0,13.1,13.1.1,VC_DSR_AFFCT,Number of people affected by disaster (number),858.0,Uruguay,2005.0,9229.0,2005,,,,,United Nations Office for Disaster Risk Reduction (2023),,Disclaimer: the data being submitted by UNDRR has been extracted from two sources: (a) the Sendai Framework Monitoring System as provided by designated national focal points; and (b) Desinventar disaster loss databases. Some of the data has not followed an official validation process and may be subject to revision at a later date.,,C,,G,,NUMBER
13.0,13.1,13.1.1,VC_DSR_AFFCT,Number of people affected by disaster (number),858.0,Uruguay,2006.0,1239.0,2006,,,,,United Nations Office for Disaster Risk Reduction (2023),,Disclaimer: the data being submitted by UNDRR has been extracted from two sources: (a) the Sendai Framework Monitoring System as provided by designated national focal points; and (b) Desinventar disaster loss databases. Some of the data has not followed an official validation process and may be subject to revision at a later date.,,C,,G,,NUMBER
13.0,13.1,13.1.1,VC_DSR_AFFCT,Number of people affected by disaster (number),858.0,Uruguay,2007.0,16283.0,2007,,,,,United Nations Office for Disaster Risk Reduction (2023),,Disclaimer: the data being submitted by UNDRR has been extracted from two sources: (a) the Sendai Framework Monitoring System as provided by designated national focal points; and (b) Desinventar disaster loss databases. Some of the data has not followed an official validation process and may be subject to revision at a later date.,,C,,G,,NUMBER
13.0,13.1,13.1.1,VC_DSR_AFFCT,Number of people affected by disaster (number),858.0,Uruguay,2008.0,213.0,2008,,,,,United Nations Office for Disaster Risk Reduction (2023),,Disclaimer: the data being submitted by UNDRR has been extracted from two sources: (a) the Sendai Framework Monitoring System as provided by designated national focal points; and (b) Desinventar disaster loss databases. Some of the data has not followed an official validation process and may be subject to revision at a later date.,,C,,G,,NUMBER
13.0,13.1,13.1.1,VC_DSR_AFFCT,Number of people affected by disaster (number),858.0,Uruguay,2009.0,12031.0,2009,,,,,United Nations Office for Disaster Risk Reduction (2023),,Disclaimer: the data being submitted by UNDRR has been extracted from two sources: (a) the Sendai Framework Monitoring System as provided by designated national focal points; and (b) Desinventar disaster loss databases. Some of the data has not followed an official validation process and may be subject to revision at a later date.,,C,,G,,NUMBER
13.0,13.1,13.1.1,VC_DSR_AFFCT,Number of people affected by disaster (number),858.0,Uruguay,2010.0,8062.0,2010,,,,,United Nations Office for Disaster Risk Reduction (2023),,Disclaimer: the data being submitted by UNDRR has been extracted from two sources: (a) the Sendai Framework Monitoring System as provided by designated national focal points; and (b) Desinventar disaster loss databases. Some of the data has not followed an official validation process and may be subject to revision at a later date.,,C,,G,,NUMBER
13.0,13.1,13.1.1,VC_DSR_AFFCT,Number of people affected by disaster (number),858.0,Uruguay,2011.0,399.0,2011,,,,,United Nations Office for Disaster Risk Reduction (2023),,Disclaimer: the data being submitted by UNDRR has been extracted from two sources: (a) the Sendai Framework Monitoring System as provided by designated national focal points; and (b) Desinventar disaster loss databases. Some of the data has not followed an official validation process and may be subject to revision at a later date.,,C,,G,,NUMBER
13.0,13.1,13.1.1,VC_DSR_AFFCT,Number of people affected by disaster (number),858.0,Uruguay,2012.0,3722.0,2012,,,,,United Nations Office for Disaster Risk Reduction (2023),,Disclaimer: the data being submitted by UNDRR has been extracted from two sources: (a) the Sendai Framework Monitoring System as provided by designated national focal points; and (b) Desinventar disaster loss databases. Some of the data has not followed an official validation process and may be subject to revision at a later date.,,C,,G,,NUMBER
13.0,13.1,13.1.1,VC_DSR_AFFCT,Number of people affected by disaster (number),858.0,Uruguay,2013.0,8792.0,2013,,,,,United Nations Office for Disaster Risk Reduction (2023),,Disclaimer: the data being submitted by UNDRR has been extracted from two sources: (a) the Sendai Framework Monitoring System as provided by designated national focal points; and (b) Desinventar disaster loss databases. Some of the data has not followed an official validation process and may be subject to revision at a later date.,,C,,G,,NUMBER
13.0,13.1,13.1.1,VC_DSR_AFFCT,Number of people affected by disaster (number),858.0,Uruguay,2014.0,11220.0,2014,,,,,United Nations Office for Disaster Risk Reduction (2023),,Disclaimer: the data being submitted by UNDRR has been extracted from two sources: (a) the Sendai Framework Monitoring System as provided by designated national focal points; and (b) Desinventar disaster loss databases. Some of the data has not followed an official validation process and may be subject to revision at a later date.,,C,,G,,NUMBER
13.0,13.1,13.1.1,VC_DSR_AFFCT,Number of people affected by disaster (number),858.0,Uruguay,2015.0,33114.0,2015,,,,,United Nations Office for Disaster Risk Reduction (2023),,Disclaimer: the data being submitted by UNDRR has been extracted from two sources: (a) the Sendai Framework Monitoring System as provided by designated national focal points; and (b) Desinventar disaster loss databases. Some of the data has not followed an official validation process and may be subject to revision at a later date.,,C,,G,,NUMBER
13.0,13.1,13.1.1,VC_DSR_AFFCT,Number of people affected by disaster (number),858.0,Uruguay,2016.0,43593.0,2016,,,,,United Nations Office for Disaster Risk Reduction (2023),,Disclaimer: the data being submitted by UNDRR has been extracted from two sources: (a) the Sendai Framework Monitoring System as provided by designated national focal points; and (b) Desinventar disaster loss databases. Some of the data has not followed an official validation process and may be subject to revision at a later date.,,C,,G,,NUMBER
13.0,13.1,13.1.1,VC_DSR_AFFCT,Number of people affected by disaster (number),858.0,Uruguay,2017.0,12388.0,2017,,,,,United Nations Office for Disaster Risk Reduction (2023),,Disclaimer: the data being submitted by UNDRR has been extracted from two sources: (a) the Sendai Framework Monitoring System as provided by designated national focal points; and (b) Desinventar disaster loss databases. Some of the data has not followed an official validation process and may be subject to revision at a later date.,,C,,G,,NUMBER
13.0,13.1,13.1.1,VC_DSR_AFFCT,Number of people affected by disaster (number),858.0,Uruguay,2018.0,751.0,2018,,,,,United Nations Office for Disaster Risk Reduction (2023),,Disclaimer: the data being submitted by UNDRR has been extracted from two sources: (a) the Sendai Framework Monitoring System as provided by designated national focal points; and (b) Desinventar disaster loss databases. Some of the data has not followed an official validation process and may be subject to revision at a later date.,,C,,G,,NUMBER
13.0,13.1,13.1.1,VC_DSR_AFFCT,Number of people affected by disaster (number),858.0,Uruguay,2019.0,18517.0,2019,,,,,United Nations Office for Disaster Risk Reduction (2023),,Disclaimer: the data being submitted by UNDRR has been extracted from two sources: (a) the Sendai Framework Monitoring System as provided by designated national focal points; and (b) Desinventar disaster loss databases. Some of the data has not followed an official validation process and may be subject to revision at a later date.,,C,,G,,NUMBER
13.0,13.1,13.1.1,VC_DSR_AFFCT,Number of people affected by disaster (number),858.0,Uruguay,2020.0,20072.0,2020,,,,,United Nations Office for Disaster Risk Reduction (2023),,Disclaimer: the data being submitted by UNDRR has been extracted from two sources: (a) the Sendai Framework Monitoring System as provided by designated national focal points; and (b) Desinventar disaster loss databases. Some of the data has not followed an official validation process and may be subject to revision at a later date.,,C,,G,,NUMBER
13.0,13.1,13.1.1,VC_DSR_AFFCT,Number of people affected by disaster (number),858.0,Uruguay,2021.0,394486.0,2021,,,,,United Nations Office for Disaster Risk Reduction (2023),,Disclaimer: the data being submitted by UNDRR has been extracted from two sources: (a) the Sendai Framework Monitoring System as provided by designated national focal points; and (b) Desinventar disaster loss databases. Some of the data has not followed an official validation process and may be subject to revision at a later date.,,C,,G,,NUMBER
13.0,13.1,13.1.1,VC_DSR_MORT,Number of deaths due to disaster (number),858.0,Uruguay,2005.0,24.0,2005,,,,,United Nations Office for Disaster Risk Reduction (2023),,Disclaimer: the data being submitted by UNDRR has been extracted from two sources: (a) the Sendai Framework Monitoring System as provided by designated national focal points; and (b) Desinventar disaster loss databases. Some of the data has not followed an official validation process and may be subject to revision at a later date.,,C,,G,,NUMBER
13.0,13.1,13.1.1,VC_DSR_MORT,Number of deaths due to disaster (number),858.0,Uruguay,2006.0,5.0,2006,,,,,United Nations Office for Disaster Risk Reduction (2023),,Disclaimer: the data being submitted by UNDRR has been extracted from two sources: (a) the Sendai Framework Monitoring System as provided by designated national focal points; and (b) Desinventar disaster loss databases. Some of the data has not followed an official validation process and may be subject to revision at a later date.,,C,,G,,NUMBER
13.0,13.1,13.1.1,VC_DSR_MORT,Number of deaths due to disaster (number),858.0,Uruguay,2007.0,1.0,2007,,,,,United Nations Office for Disaster Risk Reduction (2023),,Disclaimer: the data being submitted by UNDRR has been extracted from two sources: (a) the Sendai Framework Monitoring System as provided by designated national focal points; and (b) Desinventar disaster loss databases. Some of the data has not followed an official validation process and may be subject to revision at a later date.,,C,,G,,NUMBER
13.0,13.1,13.1.1,VC_DSR_MORT,Number of deaths due to disaster (number),858.0,Uruguay,2008.0,7.0,2008,,,,,United Nations Office for Disaster Risk Reduction (2023),,Disclaimer: the data being submitted by UNDRR has been extracted from two sources: (a) the Sendai Framework Monitoring System as provided by designated national focal points; and (b) Desinventar disaster loss databases. Some of the data has not followed an official validation process and may be subject to revision at a later date.,,C,,G,,NUMBER
13.0,13.1,13.1.1,VC_DSR_MORT,Number of deaths due to disaster (number),858.0,Uruguay,2009.0,51.0,2009,,,,,United Nations Office for Disaster Risk Reduction (2023),,Disclaimer: the data being submitted by UNDRR has been extracted from two sources: (a) the Sendai Framework Monitoring System as provided by designated national focal points; and (b) Desinventar disaster loss databases. Some of the data has not followed an official validation process and may be subject to revision at a later date.,,C,,G,,NUMBER
13.0,13.1,13.1.1,VC_DSR_MORT,Number of deaths due to disaster (number),858.0,Uruguay,2010.0,5.0,2010,,,,,United Nations Office for Disaster Risk Reduction (2023),,Disclaimer: the data being submitted by UNDRR has been extracted from two sources: (a) the Sendai Framework Monitoring System as provided by designated national focal points; and (b) Desinventar disaster loss databases. Some of the data has not followed an official validation process and may be subject to revision at a later date.,,C,,G,,NUMBER
13.0,13.1,13.1.1,VC_DSR_MORT,Number of deaths due to disaster (number),858.0,Uruguay,2011.0,13.0,2011,,,,,United Nations Office for Disaster Risk Reduction (2023),,Disclaimer: the data being submitted by UNDRR has been extracted from two sources: (a) the Sendai Framework Monitoring System as provided by designated national focal points; and (b) Desinventar disaster loss databases. Some of the data has not followed an official validation process and may be subject to revision at a later date.,,C,,G,,NUMBER
13.0,13.1,13.1.1,VC_DSR_MORT,Number of deaths due to disaster (number),858.0,Uruguay,2012.0,26.0,2012,,,,,United Nations Office for Disaster Risk Reduction (2023),,Disclaimer: the data being submitted by UNDRR has been extracted from two sources: (a) the Sendai Framework Monitoring System as provided by designated national focal points; and (b) Desinventar disaster loss databases. Some of the data has not followed an official validation process and may be subject to revision at a later date.,,C,,G,,NUMBER
13.0,13.1,13.1.1,VC_DSR_MORT,Number of deaths due to disaster (number),858.0,Uruguay,2013.0,12.0,2013,,,,,United Nations Office for Disaster Risk Reduction (2023),,Disclaimer: the data being submitted by UNDRR has been extracted from two sources: (a) the Sendai Framework Monitoring System as provided by designated national focal points; and (b) Desinventar disaster loss databases. Some of the data has not followed an official validation process and may be subject to revision at a later date.,,C,,G,,NUMBER
13.0,13.1,13.1.1,VC_DSR_MORT,Number of deaths due to disaster (number),858.0,Uruguay,2014.0,5.0,2014,,,,,United Nations Office for Disaster Risk Reduction (2023),,Disclaimer: the data being submitted by UNDRR has been extracted from two sources: (a) the Sendai Framework Monitoring System as provided by designated national focal points; and (b) Desinventar disaster loss databases. Some of the data has not followed an official validation process and may be subject to revision at a later date.,,C,,G,,NUMBER
13.0,13.1,13.1.1,VC_DSR_MORT,Number of deaths due to disaster (number),858.0,Uruguay,2015.0,4.0,2015,,,,,United Nations Office for Disaster Risk Reduction (2023),,Disclaimer: the data being submitted by UNDRR has been extracted from two sources: (a) the Sendai Framework Monitoring System as provided by designated national focal points; and (b) Desinventar disaster loss databases. Some of the data has not followed an official validation process and may be subject to revision at a later date.,,C,,G,,NUMBER
13.0,13.1,13.1.1,VC_DSR_MORT,Number of deaths due to disaster (number),858.0,Uruguay,2016.0,0.0,2016,,,,,United Nations Office for Disaster Risk Reduction (2023),,Disclaimer: the data being submitted by UNDRR has been extracted from two sources: (a) the Sendai Framework Monitoring System as provided by designated national focal points; and (b) Desinventar disaster loss databases. Some of the data has not followed an official validation process and may be subject to revision at a later date.,,C,,G,,NUMBER
13.0,13.1,13.1.1,VC_DSR_MORT,Number of deaths due to disaster (number),858.0,Uruguay,2017.0,1.0,2017,,,,,United Nations Office for Disaster Risk Reduction (2023),,Disclaimer: the data being submitted by UNDRR has been extracted from two sources: (a) the Sendai Framework Monitoring System as provided by designated national focal points; and (b) Desinventar disaster loss databases. Some of the data has not followed an official validation process and may be subject to revision at a later date.,,C,,G,,NUMBER
13.0,13.1,13.1.1,VC_DSR_MORT,Number of deaths due to disaster (number),858.0,Uruguay,2018.0,5.0,2018,,,,,United Nations Office for Disaster Risk Reduction (2023),,Disclaimer: the data being submitted by UNDRR has been extracted from two sources: (a) the Sendai Framework Monitoring System as provided by designated national focal points; and (b) Desinventar disaster loss databases. Some of the data has not followed an official validation process and may be subject to revision at a later date.,,C,,G,,NUMBER
13.0,13.1,13.1.1,VC_DSR_MORT,Number of deaths due to disaster (number),858.0,Uruguay,2019.0,6.0,2019,,,,,United Nations Office for Disaster Risk Reduction (2023),,Disclaimer: the data being submitted by UNDRR has been extracted from two sources: (a) the Sendai Framework Monitoring System as provided by designated national focal points; and (b) Desinventar disaster loss databases. Some of the data has not followed an official validation process and may be subject to revision at a later date.,,C,,G,,NUMBER
13.0,13.1,13.1.1,VC_DSR_MORT,Number of deaths due to disaster (number),858.0,Uruguay,2020.0,181.0,2020,,,,,United Nations Office for Disaster Risk Reduction (2023),,Disclaimer: the data being submitted by UNDRR has been extracted from two sources: (a) the Sendai Framework Monitoring System as provided by designated national focal points; and (b) Desinventar disaster loss databases. Some of the data has not followed an official validation process and may be subject to revision at a later date.,,C,,G,,NUMBER
13.0,13.1,13.1.1,VC_DSR_MORT,Number of deaths due to disaster (number),858.0,Uruguay,2021.0,5990.0,2021,,,,,United Nations Office for Disaster Risk Reduction (2023),,Disclaimer: the data being submitted by UNDRR has been extracted from two sources: (a) the Sendai Framework Monitoring System as provided by designated national focal points; and (b) Desinventar disaster loss databases. Some of the data has not followed an official validation process and may be subject to revision at a later date.,,C,,G,,NUMBER
13.0,13.1,13.1.1,VC_DSR_MTMP,"Number of deaths and missing persons attributed to disasters per 100,000 population (number)",858.0,Uruguay,2005.0,0.7234,2005,,,,,United Nations Office for Disaster Risk Reduction (2023),,Disclaimer: the data being submitted by UNDRR has been extracted from two sources: (a) the Sendai Framework Monitoring System as provided by designated national focal points; and (b) Desinventar disaster loss databases. Some of the data has not followed an official validation process and may be subject to revision at a later date.,,C,,G,,PER_100000_POP
13.0,13.1,13.1.1,VC_DSR_MTMP,"Number of deaths and missing persons attributed to disasters per 100,000 population (number)",858.0,Uruguay,2006.0,0.1505,2006,,,,,United Nations Office for Disaster Risk Reduction (2023),,Disclaimer: the data being submitted by UNDRR has been extracted from two sources: (a) the Sendai Framework Monitoring System as provided by designated national focal points; and (b) Desinventar disaster loss databases. Some of the data has not followed an official validation process and may be subject to revision at a later date.,,C,,G,,PER_100000_POP
13.0,13.1,13.1.1,VC_DSR_MTMP,"Number of deaths and missing persons attributed to disasters per 100,000 population (number)",858.0,Uruguay,2007.0,0.03004,2007,,,,,United Nations Office for Disaster Risk Reduction (2023),,Disclaimer: the data being submitted by UNDRR has been extracted from two sources: (a) the Sendai Framework Monitoring System as provided by designated national focal points; and (b) Desinventar disaster loss databases. Some of the data has not followed an official validation process and may be subject to revision at a later date.,,C,,G,,PER_100000_POP
13.0,13.1,13.1.1,VC_DSR_MTMP,"Number of deaths and missing persons attributed to disasters per 100,000 population (number)",858.0,Uruguay,2008.0,0.20982,2008,,,,,United Nations Office for Disaster Risk Reduction (2023),,Disclaimer: the data being submitted by UNDRR has been extracted from two sources: (a) the Sendai Framework Monitoring System as provided by designated national focal points; and (b) Desinventar disaster loss databases. Some of the data has not followed an official validation process and may be subject to revision at a later date.,,C,,G,,PER_100000_POP
13.0,13.1,13.1.1,VC_DSR_MTMP,"Number of deaths and missing persons attributed to disasters per 100,000 population (number)",858.0,Uruguay,2009.0,1.52505,2009,,,,,United Nations Office for Disaster Risk Reduction (2023),,Disclaimer: the data being submitted by UNDRR has been extracted from two sources: (a) the Sendai Framework Monitoring System as provided by designated national focal points; and (b) Desinventar disaster loss databases. Some of the data has not followed an official validation process and may be subject to revision at a later date.,,C,,G,,PER_100000_POP
13.0,13.1,13.1.1,VC_DSR_MTMP,"Number of deaths and missing persons attributed to disasters per 100,000 population (number)",858.0,Uruguay,2010.0,0.14914,2010,,,,,United Nations Office for Disaster Risk Reduction (2023),,Disclaimer: the data being submitted by UNDRR has been extracted from two sources: (a) the Sendai Framework Monitoring System as provided by designated national focal points; and (b) Desinventar disaster loss databases. Some of the data has not followed an official validation process and may be subject to revision at a later date.,,C,,G,,PER_100000_POP
13.0,13.1,13.1.1,VC_DSR_MTMP,"Number of deaths and missing persons attributed to disasters per 100,000 population (number)",858.0,Uruguay,2011.0,0.38672,2011,,,,,United Nations Office for Disaster Risk Reduction (2023),,Disclaimer: the data being submitted by UNDRR has been extracted from two sources: (a) the Sendai Framework Monitoring System as provided by designated national focal points; and (b) Desinventar disaster loss databases. Some of the data has not followed an official validation process and may be subject to revision at a later date.,,C,,G,,PER_100000_POP
13.0,13.1,13.1.1,VC_DSR_MTMP,"Number of deaths and missing persons attributed to disasters per 100,000 population (number)",858.0,Uruguay,2012.0,0.77125,2012,,,,,United Nations Office for Disaster Risk Reduction (2023),,Disclaimer: the data being submitted by UNDRR has been extracted from two sources: (a) the Sendai Framework Monitoring System as provided by designated national focal points; and (b) Desinventar disaster loss databases. Some of the data has not followed an official validation process and may be subject to revision at a later date.,,C,,G,,PER_100000_POP
13.0,13.1,13.1.1,VC_DSR_MTMP,"Number of deaths and missing persons attributed to disasters per 100,000 population (number)",858.0,Uruguay,2013.0,0.35491,2013,,,,,United Nations Office for Disaster Risk Reduction (2023),,Disclaimer: the data being submitted by UNDRR has been extracted from two sources: (a) the Sendai Framework Monitoring System as provided by designated national focal points; and (b) Desinventar disaster loss databases. Some of the data has not followed an official validation process and may be subject to revision at a later date.,,C,,G,,PER_100000_POP
13.0,13.1,13.1.1,VC_DSR_MTMP,"Number of deaths and missing persons attributed to disasters per 100,000 population (number)",858.0,Uruguay,2014.0,0.14742,2014,,,,,United Nations Office for Disaster Risk Reduction (2023),,Disclaimer: the data being submitted by UNDRR has been extracted from two sources: (a) the Sendai Framework Monitoring System as provided by designated national focal points; and (b) Desinventar disaster loss databases. Some of the data has not followed an official validation process and may be subject to revision at a later date.,,C,,G,,PER_100000_POP
13.0,13.1,13.1.1,VC_DSR_MTMP,"Number of deaths and missing persons attributed to disasters per 100,000 population (number)",858.0,Uruguay,2015.0,0.11755,2015,,,,,United Nations Office for Disaster Risk Reduction (2023),,Disclaimer: the data being submitted by UNDRR has been extracted from two sources: (a) the Sendai Framework Monitoring System as provided by designated national focal points; and (b) Desinventar disaster loss databases. Some of the data has not followed an official validation process and may be subject to revision at a later date.,,C,,G,,PER_100000_POP
13.0,13.1,13.1.1,VC_DSR_MTMP,"Number of deaths and missing persons attributed to disasters per 100,000 population (number)",858.0,Uruguay,2016.0,0.0,2016,,,,,United Nations Office for Disaster Risk Reduction (2023),,Disclaimer: the data being submitted by UNDRR has been extracted from two sources: (a) the Sendai Framework Monitoring System as provided by designated national focal points; and (b) Desinventar disaster loss databases. Some of the data has not followed an official validation process and may be subject to revision at a later date.,,C,,G,,PER_100000_POP
13.0,13.1,13.1.1,VC_DSR_MTMP,"Number of deaths and missing persons attributed to disasters per 100,000 population (number)",858.0,Uruguay,2017.0,0.02922,2017,,,,,United Nations Office for Disaster Risk Reduction (2023),,Disclaimer: the data being submitted by UNDRR has been extracted from two sources: (a) the Sendai Framework Monitoring System as provided by designated national focal points; and (b) Desinventar disaster loss databases. Some of the data has not followed an official validation process and may be subject to revision at a later date.,,C,,G,,PER_100000_POP
13.0,13.1,13.1.1,VC_DSR_MTMP,"Number of deaths and missing persons attributed to disasters per 100,000 population (number)",858.0,Uruguay,2018.0,0.1459,2018,,,,,United Nations Office for Disaster Risk Reduction (2023),,Disclaimer: the data being submitted by UNDRR has been extracted from two sources: (a) the Sendai Framework Monitoring System as provided by designated national focal points; and (b) Desinventar disaster loss databases. Some of the data has not followed an official validation process and may be subject to revision at a later date.,,C,,G,,PER_100000_POP
13.0,13.1,13.1.1,VC_DSR_MTMP,"Number of deaths and missing persons attributed to disasters per 100,000 population (number)",858.0,Uruguay,2019.0,0.17501,2019,,,,,United Nations Office for Disaster Risk Reduction (2023),,Disclaimer: the data being submitted by UNDRR has been extracted from two sources: (a) the Sendai Framework Monitoring System as provided by designated national focal points; and (b) Desinventar disaster loss databases. Some of the data has not followed an official validation process and may be subject to revision at a later date.,,C,,G,,PER_100000_POP
13.0,13.1,13.1.1,VC_DSR_MTMP,"Number of deaths and missing persons attributed to disasters per 100,000 population (number)",858.0,Uruguay,2020.0,5.27837,2020,,,,,United Nations Office for Disaster Risk Reduction (2023),,Disclaimer: the data being submitted by UNDRR has been extracted from two sources: (a) the Sendai Framework Monitoring System as provided by designated national focal points; and (b) Desinventar disaster loss databases. Some of the data has not followed an official validation process and may be subject to revision at a later date.,,C,,G,,PER_100000_POP
13.0,13.1,13.1.1,VC_DSR_MTMP,"Number of deaths and missing persons attributed to disasters per 100,000 population (number)",858.0,Uruguay,2021.0,174.8262,2021,,,,,United Nations Office for Disaster Risk Reduction (2023),,Disclaimer: the data being submitted by UNDRR has been extracted from two sources: (a) the Sendai Framework Monitoring System as provided by designated national focal points; and (b) Desinventar disaster loss databases. Some of the data has not followed an official validation process and may be subject to revision at a later date.,,C,,G,,PER_100000_POP
13.0,13.1,13.1.1,VC_DSR_MMHN,Number of deaths and missing persons attributed to disasters (number),858.0,Uruguay,2005.0,24.0,2005,,,,,United Nations Office for Disaster Risk Reduction (2023),,Disclaimer: the data being submitted by UNDRR has been extracted from two sources: (a) the Sendai Framework Monitoring System as provided by designated national focal points; and (b) Desinventar disaster loss databases. Some of the data has not followed an official validation process and may be subject to revision at a later date.,,C,,G,,NUMBER
13.0,13.1,13.1.1,VC_DSR_MMHN,Number of deaths and missing persons attributed to disasters (number),858.0,Uruguay,2006.0,5.0,2006,,,,,United Nations Office for Disaster Risk Reduction (2023),,Disclaimer: the data being submitted by UNDRR has been extracted from two sources: (a) the Sendai Framework Monitoring System as provided by designated national focal points; and (b) Desinventar disaster loss databases. Some of the data has not followed an official validation process and may be subject to revision at a later date.,,C,,G,,NUMBER
13.0,13.1,13.1.1,VC_DSR_MMHN,Number of deaths and missing persons attributed to disasters (number),858.0,Uruguay,2007.0,1.0,2007,,,,,United Nations Office for Disaster Risk Reduction (2023),,Disclaimer: the data being submitted by UNDRR has been extracted from two sources: (a) the Sendai Framework Monitoring System as provided by designated national focal points; and (b) Desinventar disaster loss databases. Some of the data has not followed an official validation process and may be subject to revision at a later date.,,C,,G,,NUMBER
13.0,13.1,13.1.1,VC_DSR_MMHN,Number of deaths and missing persons attributed to disasters (number),858.0,Uruguay,2008.0,7.0,2008,,,,,United Nations Office for Disaster Risk Reduction (2023),,Disclaimer: the data being submitted by UNDRR has been extracted from two sources: (a) the Sendai Framework Monitoring System as provided by designated national focal points; and (b) Desinventar disaster loss databases. Some of the data has not followed an official validation process and may be subject to revision at a later date.,,C,,G,,NUMBER
13.0,13.1,13.1.1,VC_DSR_MMHN,Number of deaths and missing persons attributed to disasters (number),858.0,Uruguay,2009.0,51.0,2009,,,,,United Nations Office for Disaster Risk Reduction (2023),,Disclaimer: the data being submitted by UNDRR has been extracted from two sources: (a) the Sendai Framework Monitoring System as provided by designated national focal points; and (b) Desinventar disaster loss databases. Some of the data has not followed an official validation process and may be subject to revision at a later date.,,C,,G,,NUMBER
13.0,13.1,13.1.1,VC_DSR_MMHN,Number of deaths and missing persons attributed to disasters (number),858.0,Uruguay,2010.0,5.0,2010,,,,,United Nations Office for Disaster Risk Reduction (2023),,Disclaimer: the data being submitted by UNDRR has been extracted from two sources: (a) the Sendai Framework Monitoring System as provided by designated national focal points; and (b) Desinventar disaster loss databases. Some of the data has not followed an official validation process and may be subject to revision at a later date.,,C,,G,,NUMBER
13.0,13.1,13.1.1,VC_DSR_MMHN,Number of deaths and missing persons attributed to disasters (number),858.0,Uruguay,2011.0,13.0,2011,,,,,United Nations Office for Disaster Risk Reduction (2023),,Disclaimer: the data being submitted by UNDRR has been extracted from two sources: (a) the Sendai Framework Monitoring System as provided by designated national focal points; and (b) Desinventar disaster loss databases. Some of the data has not followed an official validation process and may be subject to revision at a later date.,,C,,G,,NUMBER
13.0,13.1,13.1.1,VC_DSR_MMHN,Number of deaths and missing persons attributed to disasters (number),858.0,Uruguay,2012.0,26.0,2012,,,,,United Nations Office for Disaster Risk Reduction (2023),,Disclaimer: the data being submitted by UNDRR has been extracted from two sources: (a) the Sendai Framework Monitoring System as provided by designated national focal points; and (b) Desinventar disaster loss databases. Some of the data has not followed an official validation process and may be subject to revision at a later date.,,C,,G,,NUMBER
13.0,13.1,13.1.1,VC_DSR_MMHN,Number of deaths and missing persons attributed to disasters (number),858.0,Uruguay,2013.0,12.0,2013,,,,,United Nations Office for Disaster Risk Reduction (2023),,Disclaimer: the data being submitted by UNDRR has been extracted from two sources: (a) the Sendai Framework Monitoring System as provided by designated national focal points; and (b) Desinventar disaster loss databases. Some of the data has not followed an official validation process and may be subject to revision at a later date.,,C,,G,,NUMBER
13.0,13.1,13.1.1,VC_DSR_MMHN,Number of deaths and missing persons attributed to disasters (number),858.0,Uruguay,2014.0,5.0,2014,,,,,United Nations Office for Disaster Risk Reduction (2023),,Disclaimer: the data being submitted by UNDRR has been extracted from two sources: (a) the Sendai Framework Monitoring System as provided by designated national focal points; and (b) Desinventar disaster loss databases. Some of the data has not followed an official validation process and may be subject to revision at a later date.,,C,,G,,NUMBER
13.0,13.1,13.1.1,VC_DSR_MMHN,Number of deaths and missing persons attributed to disasters (number),858.0,Uruguay,2015.0,4.0,2015,,,,,United Nations Office for Disaster Risk Reduction (2023),,Disclaimer: the data being submitted by UNDRR has been extracted from two sources: (a) the Sendai Framework Monitoring System as provided by designated national focal points; and (b) Desinventar disaster loss databases. Some of the data has not followed an official validation process and may be subject to revision at a later date.,,C,,G,,NUMBER
13.0,13.1,13.1.1,VC_DSR_MMHN,Number of deaths and missing persons attributed to disasters (number),858.0,Uruguay,2016.0,0.0,2016,,,,,United Nations Office for Disaster Risk Reduction (2023),,Disclaimer: the data being submitted by UNDRR has been extracted from two sources: (a) the Sendai Framework Monitoring System as provided by designated national focal points; and (b) Desinventar disaster loss databases. Some of the data has not followed an official validation process and may be subject to revision at a later date.,,C,,G,,NUMBER
13.0,13.1,13.1.1,VC_DSR_MMHN,Number of deaths and missing persons attributed to disasters (number),858.0,Uruguay,2017.0,1.0,2017,,,,,United Nations Office for Disaster Risk Reduction (2023),,Disclaimer: the data being submitted by UNDRR has been extracted from two sources: (a) the Sendai Framework Monitoring System as provided by designated national focal points; and (b) Desinventar disaster loss databases. Some of the data has not followed an official validation process and may be subject to revision at a later date.,,C,,G,,NUMBER
13.0,13.1,13.1.1,VC_DSR_MMHN,Number of deaths and missing persons attributed to disasters (number),858.0,Uruguay,2018.0,5.0,2018,,,,,United Nations Office for Disaster Risk Reduction (2023),,Disclaimer: the data being submitted by UNDRR has been extracted from two sources: (a) the Sendai Framework Monitoring System as provided by designated national focal points; and (b) Desinventar disaster loss databases. Some of the data has not followed an official validation process and may be subject to revision at a later date.,,C,,G,,NUMBER
13.0,13.1,13.1.1,VC_DSR_MMHN,Number of deaths and missing persons attributed to disasters (number),858.0,Uruguay,2019.0,6.0,2019,,,,,United Nations Office for Disaster Risk Reduction (2023),,Disclaimer: the data being submitted by UNDRR has been extracted from two sources: (a) the Sendai Framework Monitoring System as provided by designated national focal points; and (b) Desinventar disaster loss databases. Some of the data has not followed an official validation process and may be subject to revision at a later date.,,C,,G,,NUMBER
13.0,13.1,13.1.1,VC_DSR_MMHN,Number of deaths and missing persons attributed to disasters (number),858.0,Uruguay,2020.0,181.0,2020,,,,,United Nations Office for Disaster Risk Reduction (2023),,Disclaimer: the data being submitted by UNDRR has been extracted from two sources: (a) the Sendai Framework Monitoring System as provided by designated national focal points; and (b) Desinventar disaster loss databases. Some of the data has not followed an official validation process and may be subject to revision at a later date.,,C,,G,,NUMBER
13.0,13.1,13.1.1,VC_DSR_MMHN,Number of deaths and missing persons attributed to disasters (number),858.0,Uruguay,2021.0,5990.0,2021,,,,,United Nations Office for Disaster Risk Reduction (2023),,Disclaimer: the data being submitted by UNDRR has been extracted from two sources: (a) the Sendai Framework Monitoring System as provided by designated national focal points; and (b) Desinventar disaster loss databases. Some of the data has not followed an official validation process and may be subject to revision at a later date.,,C,,G,,NUMBER
13.0,13.1,13.1.1,VC_DSR_DAFF,"Number of directly affected persons attributed to disasters per 100,000 population (number)",858.0,Uruguay,2005.0,278.17757,2005,,,,,United Nations Office for Disaster Risk Reduction (2023),,Disclaimer: the data being submitted by UNDRR has been extracted from two sources: (a) the Sendai Framework Monitoring System as provided by designated national focal points; and (b) Desinventar disaster loss databases. Some of the data has not followed an official validation process and may be subject to revision at a later date.,,C,,G,,PER_100000_POP
13.0,13.1,13.1.1,VC_DSR_DAFF,"Number of directly affected persons attributed to disasters per 100,000 population (number)",858.0,Uruguay,2006.0,37.29364,2006,,,,,United Nations Office for Disaster Risk Reduction (2023),,Disclaimer: the data being submitted by UNDRR has been extracted from two sources: (a) the Sendai Framework Monitoring System as provided by designated national focal points; and (b) Desinventar disaster loss databases. Some of the data has not followed an official validation process and may be subject to revision at a later date.,,C,,G,,PER_100000_POP
13.0,13.1,13.1.1,VC_DSR_DAFF,"Number of directly affected persons attributed to disasters per 100,000 population (number)",858.0,Uruguay,2007.0,489.17715,2007,,,,,United Nations Office for Disaster Risk Reduction (2023),,Disclaimer: the data being submitted by UNDRR has been extracted from two sources: (a) the Sendai Framework Monitoring System as provided by designated national focal points; and (b) Desinventar disaster loss databases. Some of the data has not followed an official validation process and may be subject to revision at a later date.,,C,,G,,PER_100000_POP
13.0,13.1,13.1.1,VC_DSR_DAFF,"Number of directly affected persons attributed to disasters per 100,000 population (number)",858.0,Uruguay,2008.0,6.38465,2008,,,,,United Nations Office for Disaster Risk Reduction (2023),,Disclaimer: the data being submitted by UNDRR has been extracted from two sources: (a) the Sendai Framework Monitoring System as provided by designated national focal points; and (b) Desinventar disaster loss databases. Some of the data has not followed an official validation process and may be subject to revision at a later date.,,C,,G,,PER_100000_POP
13.0,13.1,13.1.1,VC_DSR_DAFF,"Number of directly affected persons attributed to disasters per 100,000 population (number)",858.0,Uruguay,2009.0,359.76192,2009,,,,,United Nations Office for Disaster Risk Reduction (2023),,Disclaimer: the data being submitted by UNDRR has been extracted from two sources: (a) the Sendai Framework Monitoring System as provided by designated national focal points; and (b) Desinventar disaster loss databases. Some of the data has not followed an official validation process and may be subject to revision at a later date.,,C,,G,,PER_100000_POP
13.0,13.1,13.1.1,VC_DSR_DAFF,"Number of directly affected persons attributed to disasters per 100,000 population (number)",858.0,Uruguay,2010.0,240.46642,2010,,,,,United Nations Office for Disaster Risk Reduction (2023),,Disclaimer: the data being submitted by UNDRR has been extracted from two sources: (a) the Sendai Framework Monitoring System as provided by designated national focal points; and (b) Desinventar disaster loss databases. Some of the data has not followed an official validation process and may be subject to revision at a later date.,,C,,G,,PER_100000_POP
13.0,13.1,13.1.1,VC_DSR_DAFF,"Number of directly affected persons attributed to disasters per 100,000 population (number)",858.0,Uruguay,2011.0,11.86922,2011,,,,,United Nations Office for Disaster Risk Reduction (2023),,Disclaimer: the data being submitted by UNDRR has been extracted from two sources: (a) the Sendai Framework Monitoring System as provided by designated national focal points; and (b) Desinventar disaster loss databases. Some of the data has not followed an official validation process and may be subject to revision at a later date.,,C,,G,,PER_100000_POP
13.0,13.1,13.1.1,VC_DSR_DAFF,"Number of directly affected persons attributed to disasters per 100,000 population (number)",858.0,Uruguay,2012.0,110.40798,2012,,,,,United Nations Office for Disaster Risk Reduction (2023),,Disclaimer: the data being submitted by UNDRR has been extracted from two sources: (a) the Sendai Framework Monitoring System as provided by designated national focal points; and (b) Desinventar disaster loss databases. Some of the data has not followed an official validation process and may be subject to revision at a later date.,,C,,G,,PER_100000_POP
13.0,13.1,13.1.1,VC_DSR_DAFF,"Number of directly affected persons attributed to disasters per 100,000 population (number)",858.0,Uruguay,2013.0,260.02756,2013,,,,,United Nations Office for Disaster Risk Reduction (2023),,Disclaimer: the data being submitted by UNDRR has been extracted from two sources: (a) the Sendai Framework Monitoring System as provided by designated national focal points; and (b) Desinventar disaster loss databases. Some of the data has not followed an official validation process and may be subject to revision at a later date.,,C,,G,,PER_100000_POP
13.0,13.1,13.1.1,VC_DSR_DAFF,"Number of directly affected persons attributed to disasters per 100,000 population (number)",858.0,Uruguay,2014.0,330.81127,2014,,,,,United Nations Office for Disaster Risk Reduction (2023),,Disclaimer: the data being submitted by UNDRR has been extracted from two sources: (a) the Sendai Framework Monitoring System as provided by designated national focal points; and (b) Desinventar disaster loss databases. Some of the data has not followed an official validation process and may be subject to revision at a later date.,,C,,G,,PER_100000_POP
13.0,13.1,13.1.1,VC_DSR_DAFF,"Number of directly affected persons attributed to disasters per 100,000 population (number)",858.0,Uruguay,2015.0,973.13462,2015,,,,,United Nations Office for Disaster Risk Reduction (2023),,Disclaimer: the data being submitted by UNDRR has been extracted from two sources: (a) the Sendai Framework Monitoring System as provided by designated national focal points; and (b) Desinventar disaster loss databases. Some of the data has not followed an official validation process and may be subject to revision at a later date.,,C,,G,,PER_100000_POP
13.0,13.1,13.1.1,VC_DSR_DAFF,"Number of directly affected persons attributed to disasters per 100,000 population (number)",858.0,Uruguay,2016.0,1276.97681,2016,,,,,United Nations Office for Disaster Risk Reduction (2023),,Disclaimer: the data being submitted by UNDRR has been extracted from two sources: (a) the Sendai Framework Monitoring System as provided by designated national focal points; and (b) Desinventar disaster loss databases. Some of the data has not followed an official validation process and may be subject to revision at a later date.,,C,,G,,PER_100000_POP
13.0,13.1,13.1.1,VC_DSR_DAFF,"Number of directly affected persons attributed to disasters per 100,000 population (number)",858.0,Uruguay,2017.0,361.98936,2017,,,,,United Nations Office for Disaster Risk Reduction (2023),,Disclaimer: the data being submitted by UNDRR has been extracted from two sources: (a) the Sendai Framework Monitoring System as provided by designated national focal points; and (b) Desinventar disaster loss databases. Some of the data has not followed an official validation process and may be subject to revision at a later date.,,C,,G,,PER_100000_POP
13.0,13.1,13.1.1,VC_DSR_DAFF,"Number of directly affected persons attributed to disasters per 100,000 population (number)",858.0,Uruguay,2018.0,21.91394,2018,,,,,United Nations Office for Disaster Risk Reduction (2023),,Disclaimer: the data being submitted by UNDRR has been extracted from two sources: (a) the Sendai Framework Monitoring System as provided by designated national focal points; and (b) Desinventar disaster loss databases. Some of the data has not followed an official validation process and may be subject to revision at a later date.,,C,,G,,PER_100000_POP
13.0,13.1,13.1.1,VC_DSR_DAFF,"Number of directly affected persons attributed to disasters per 100,000 population (number)",858.0,Uruguay,2019.0,540.10475,2019,,,,,United Nations Office for Disaster Risk Reduction (2023),,Disclaimer: the data being submitted by UNDRR has been extracted from two sources: (a) the Sendai Framework Monitoring System as provided by designated national focal points; and (b) Desinventar disaster loss databases. Some of the data has not followed an official validation process and may be subject to revision at a later date.,,C,,G,,PER_100000_POP
13.0,13.1,13.1.1,VC_DSR_DAFF,"Number of directly affected persons attributed to disasters per 100,000 population (number)",858.0,Uruguay,2020.0,585.34548,2020,,,,,United Nations Office for Disaster Risk Reduction (2023),,Disclaimer: the data being submitted by UNDRR has been extracted from two sources: (a) the Sendai Framework Monitoring System as provided by designated national focal points; and (b) Desinventar disaster loss databases. Some of the data has not followed an official validation process and may be subject to revision at a later date.,,C,,G,,PER_100000_POP
13.0,13.1,13.1.1,VC_DSR_DAFF,"Number of directly affected persons attributed to disasters per 100,000 population (number)",858.0,Uruguay,2021.0,11513.60375,2021,,,,,United Nations Office for Disaster Risk Reduction (2023),,Disclaimer: the data being submitted by UNDRR has been extracted from two sources: (a) the Sendai Framework Monitoring System as provided by designated national focal points; and (b) Desinventar disaster loss databases. Some of the data has not followed an official validation process and may be subject to revision at a later date.,,C,,G,,PER_100000_POP
13.0,13.1,13.1.1,VC_DSR_IJILN,Number of injured or ill people attributed to disasters (number),858.0,Uruguay,2005.0,3.0,2005,,,,,United Nations Office for Disaster Risk Reduction (2023),,Disclaimer: the data being submitted by UNDRR has been extracted from two sources: (a) the Sendai Framework Monitoring System as provided by designated national focal points; and (b) Desinventar disaster loss databases. Some of the data has not followed an official validation process and may be subject to revision at a later date.,,C,,G,,NUMBER
13.0,13.1,13.1.1,VC_DSR_IJILN,Number of injured or ill people attributed to disasters (number),858.0,Uruguay,2006.0,64.0,2006,,,,,United Nations Office for Disaster Risk Reduction (2023),,Disclaimer: the data being submitted by UNDRR has been extracted from two sources: (a) the Sendai Framework Monitoring System as provided by designated national focal points; and (b) Desinventar disaster loss databases. Some of the data has not followed an official validation process and may be subject to revision at a later date.,,C,,G,,NUMBER
13.0,13.1,13.1.1,VC_DSR_IJILN,Number of injured or ill people attributed to disasters (number),858.0,Uruguay,2007.0,55.0,2007,,,,,United Nations Office for Disaster Risk Reduction (2023),,Disclaimer: the data being submitted by UNDRR has been extracted from two sources: (a) the Sendai Framework Monitoring System as provided by designated national focal points; and (b) Desinventar disaster loss databases. Some of the data has not followed an official validation process and may be subject to revision at a later date.,,C,,G,,NUMBER
13.0,13.1,13.1.1,VC_DSR_IJILN,Number of injured or ill people attributed to disasters (number),858.0,Uruguay,2008.0,9.0,2008,,,,,United Nations Office for Disaster Risk Reduction (2023),,Disclaimer: the data being submitted by UNDRR has been extracted from two sources: (a) the Sendai Framework Monitoring System as provided by designated national focal points; and (b) Desinventar disaster loss databases. Some of the data has not followed an official validation process and may be subject to revision at a later date.,,C,,G,,NUMBER
13.0,13.1,13.1.1,VC_DSR_IJILN,Number of injured or ill people attributed to disasters (number),858.0,Uruguay,2009.0,19.0,2009,,,,,United Nations Office for Disaster Risk Reduction (2023),,Disclaimer: the data being submitted by UNDRR has been extracted from two sources: (a) the Sendai Framework Monitoring System as provided by designated national focal points; and (b) Desinventar disaster loss databases. Some of the data has not followed an official validation process and may be subject to revision at a later date.,,C,,G,,NUMBER
13.0,13.1,13.1.1,VC_DSR_IJILN,Number of injured or ill people attributed to disasters (number),858.0,Uruguay,2010.0,4.0,2010,,,,,United Nations Office for Disaster Risk Reduction (2023),,Disclaimer: the data being submitted by UNDRR has been extracted from two sources: (a) the Sendai Framework Monitoring System as provided by designated national focal points; and (b) Desinventar disaster loss databases. Some of the data has not followed an official validation process and may be subject to revision at a later date.,,C,,G,,NUMBER
13.0,13.1,13.1.1,VC_DSR_IJILN,Number of injured or ill people attributed to disasters (number),858.0,Uruguay,2011.0,27.0,2011,,,,,United Nations Office for Disaster Risk Reduction (2023),,Disclaimer: the data being submitted by UNDRR has been extracted from two sources: (a) the Sendai Framework Monitoring System as provided by designated national focal points; and (b) Desinventar disaster loss databases. Some of the data has not followed an official validation process and may be subject to revision at a later date.,,C,,G,,NUMBER
13.0,13.1,13.1.1,VC_DSR_IJILN,Number of injured or ill people attributed to disasters (number),858.0,Uruguay,2012.0,38.0,2012,,,,,United Nations Office for Disaster Risk Reduction (2023),,Disclaimer: the data being submitted by UNDRR has been extracted from two sources: (a) the Sendai Framework Monitoring System as provided by designated national focal points; and (b) Desinventar disaster loss databases. Some of the data has not followed an official validation process and may be subject to revision at a later date.,,C,,G,,NUMBER
13.0,13.1,13.1.1,VC_DSR_IJILN,Number of injured or ill people attributed to disasters (number),858.0,Uruguay,2013.0,220.0,2013,,,,,United Nations Office for Disaster Risk Reduction (2023),,Disclaimer: the data being submitted by UNDRR has been extracted from two sources: (a) the Sendai Framework Monitoring System as provided by designated national focal points; and (b) Desinventar disaster loss databases. Some of the data has not followed an official validation process and may be subject to revision at a later date.,,C,,G,,NUMBER
13.0,13.1,13.1.1,VC_DSR_IJILN,Number of injured or ill people attributed to disasters (number),858.0,Uruguay,2014.0,0.0,2014,,,,,United Nations Office for Disaster Risk Reduction (2023),,Disclaimer: the data being submitted by UNDRR has been extracted from two sources: (a) the Sendai Framework Monitoring System as provided by designated national focal points; and (b) Desinventar disaster loss databases. Some of the data has not followed an official validation process and may be subject to revision at a later date.,,C,,G,,NUMBER
13.0,13.1,13.1.1,VC_DSR_IJILN,Number of injured or ill people attributed to disasters (number),858.0,Uruguay,2015.0,0.0,2015,,,,,United Nations Office for Disaster Risk Reduction (2023),,Disclaimer: the data being submitted by UNDRR has been extracted from two sources: (a) the Sendai Framework Monitoring System as provided by designated national focal points; and (b) Desinventar disaster loss databases. Some of the data has not followed an official validation process and may be subject to revision at a later date.,,C,,G,,NUMBER
13.0,13.1,13.1.1,VC_DSR_IJILN,Number of injured or ill people attributed to disasters (number),858.0,Uruguay,2016.0,252.0,2016,,,,,United Nations Office for Disaster Risk Reduction (2023),,Disclaimer: the data being submitted by UNDRR has been extracted from two sources: (a) the Sendai Framework Monitoring System as provided by designated national focal points; and (b) Desinventar disaster loss databases. Some of the data has not followed an official validation process and may be subject to revision at a later date.,,C,,G,,NUMBER
13.0,13.1,13.1.1,VC_DSR_IJILN,Number of injured or ill people attributed to disasters (number),858.0,Uruguay,2017.0,20.0,2017,,,,,United Nations Office for Disaster Risk Reduction (2023),,Disclaimer: the data being submitted by UNDRR has been extracted from two sources: (a) the Sendai Framework Monitoring System as provided by designated national focal points; and (b) Desinventar disaster loss databases. Some of the data has not followed an official validation process and may be subject to revision at a later date.,,C,,G,,NUMBER
13.0,13.1,13.1.1,VC_DSR_IJILN,Number of injured or ill people attributed to disasters (number),858.0,Uruguay,2018.0,0.0,2018,,,,,United Nations Office for Disaster Risk Reduction (2023),,Disclaimer: the data being submitted by UNDRR has been extracted from two sources: (a) the Sendai Framework Monitoring System as provided by designated national focal points; and (b) Desinventar disaster loss databases. Some of the data has not followed an official validation process and may be subject to revision at a later date.,,C,,G,,NUMBER
13.0,13.1,13.1.1,VC_DSR_IJILN,Number of injured or ill people attributed to disasters (number),858.0,Uruguay,2020.0,19119.0,2020,,,,,United Nations Office for Disaster Risk Reduction (2023),,Disclaimer: the data being submitted by UNDRR has been extracted from two sources: (a) the Sendai Framework Monitoring System as provided by designated national focal points; and (b) Desinventar disaster loss databases. Some of the data has not followed an official validation process and may be subject to revision at a later date.,,C,,G,,NUMBER
13.0,13.1,13.1.1,VC_DSR_IJILN,Number of injured or ill people attributed to disasters (number),858.0,Uruguay,2021.0,394266.0,2021,,,,,United Nations Office for Disaster Risk Reduction (2023),,Disclaimer: the data being submitted by UNDRR has been extracted from two sources: (a) the Sendai Framework Monitoring System as provided by designated national focal points; and (b) Desinventar disaster loss databases. Some of the data has not followed an official validation process and may be subject to revision at a later date.,,C,,G,,NUMBER
13.0,13.1,13.1.1,VC_DSR_PDAN,Number of people whose damaged dwellings were attributed to disasters (number),858.0,Uruguay,2005.0,9226.0,2005,,,,,United Nations Office for Disaster Risk Reduction (2023),,Disclaimer: the data being submitted by UNDRR has been extracted from two sources: (a) the Sendai Framework Monitoring System as provided by designated national focal points; and (b) Desinventar disaster loss databases. Some of the data has not followed an official validation process and may be subject to revision at a later date.,,C,,G,,NUMBER
13.0,13.1,13.1.1,VC_DSR_PDAN,Number of people whose damaged dwellings were attributed to disasters (number),858.0,Uruguay,2006.0,1175.0,2006,,,,,United Nations Office for Disaster Risk Reduction (2023),,Disclaimer: the data being submitted by UNDRR has been extracted from two sources: (a) the Sendai Framework Monitoring System as provided by designated national focal points; and (b) Desinventar disaster loss databases. Some of the data has not followed an official validation process and may be subject to revision at a later date.,,C,,G,,NUMBER
13.0,13.1,13.1.1,VC_DSR_PDAN,Number of people whose damaged dwellings were attributed to disasters (number),858.0,Uruguay,2007.0,16228.0,2007,,,,,United Nations Office for Disaster Risk Reduction (2023),,Disclaimer: the data being submitted by UNDRR has been extracted from two sources: (a) the Sendai Framework Monitoring System as provided by designated national focal points; and (b) Desinventar disaster loss databases. Some of the data has not followed an official validation process and may be subject to revision at a later date.,,C,,G,,NUMBER
13.0,13.1,13.1.1,VC_DSR_PDAN,Number of people whose damaged dwellings were attributed to disasters (number),858.0,Uruguay,2008.0,204.0,2008,,,,,United Nations Office for Disaster Risk Reduction (2023),,Disclaimer: the data being submitted by UNDRR has been extracted from two sources: (a) the Sendai Framework Monitoring System as provided by designated national focal points; and (b) Desinventar disaster loss databases. Some of the data has not followed an official validation process and may be subject to revision at a later date.,,C,,G,,NUMBER
13.0,13.1,13.1.1,VC_DSR_PDAN,Number of people whose damaged dwellings were attributed to disasters (number),858.0,Uruguay,2009.0,12012.0,2009,,,,,United Nations Office for Disaster Risk Reduction (2023),,Disclaimer: the data being submitted by UNDRR has been extracted from two sources: (a) the Sendai Framework Monitoring System as provided by designated national focal points; and (b) Desinventar disaster loss databases. Some of the data has not followed an official validation process and may be subject to revision at a later date.,,C,,G,,NUMBER
13.0,13.1,13.1.1,VC_DSR_PDAN,Number of people whose damaged dwellings were attributed to disasters (number),858.0,Uruguay,2010.0,8058.0,2010,,,,,United Nations Office for Disaster Risk Reduction (2023),,Disclaimer: the data being submitted by UNDRR has been extracted from two sources: (a) the Sendai Framework Monitoring System as provided by designated national focal points; and (b) Desinventar disaster loss databases. Some of the data has not followed an official validation process and may be subject to revision at a later date.,,C,,G,,NUMBER
13.0,13.1,13.1.1,VC_DSR_PDAN,Number of people whose damaged dwellings were attributed to disasters (number),858.0,Uruguay,2011.0,372.0,2011,,,,,United Nations Office for Disaster Risk Reduction (2023),,Disclaimer: the data being submitted by UNDRR has been extracted from two sources: (a) the Sendai Framework Monitoring System as provided by designated national focal points; and (b) Desinventar disaster loss databases. Some of the data has not followed an official validation process and may be subject to revision at a later date.,,C,,G,,NUMBER
13.0,13.1,13.1.1,VC_DSR_PDAN,Number of people whose damaged dwellings were attributed to disasters (number),858.0,Uruguay,2012.0,3684.0,2012,,,,,United Nations Office for Disaster Risk Reduction (2023),,Disclaimer: the data being submitted by UNDRR has been extracted from two sources: (a) the Sendai Framework Monitoring System as provided by designated national focal points; and (b) Desinventar disaster loss databases. Some of the data has not followed an official validation process and may be subject to revision at a later date.,,C,,G,,NUMBER
13.0,13.1,13.1.1,VC_DSR_PDAN,Number of people whose damaged dwellings were attributed to disasters (number),858.0,Uruguay,2013.0,8572.0,2013,,,,,United Nations Office for Disaster Risk Reduction (2023),,Disclaimer: the data being submitted by UNDRR has been extracted from two sources: (a) the Sendai Framework Monitoring System as provided by designated national focal points; and (b) Desinventar disaster loss databases. Some of the data has not followed an official validation process and may be subject to revision at a later date.,,C,,G,,NUMBER
13.0,13.1,13.1.1,VC_DSR_PDAN,Number of people whose damaged dwellings were attributed to disasters (number),858.0,Uruguay,2014.0,11220.0,2014,,,,,United Nations Office for Disaster Risk Reduction (2023),,Disclaimer: the data being submitted by UNDRR has been extracted from two sources: (a) the Sendai Framework Monitoring System as provided by designated national focal points; and (b) Desinventar disaster loss databases. Some of the data has not followed an official validation process and may be subject to revision at a later date.,,C,,G,,NUMBER
13.0,13.1,13.1.1,VC_DSR_PDAN,Number of people whose damaged dwellings were attributed to disasters (number),858.0,Uruguay,2015.0,33114.0,2015,,,,,United Nations Office for Disaster Risk Reduction (2023),,Disclaimer: the data being submitted by UNDRR has been extracted from two sources: (a) the Sendai Framework Monitoring System as provided by designated national focal points; and (b) Desinventar disaster loss databases. Some of the data has not followed an official validation process and may be subject to revision at a later date.,,C,,G,,NUMBER
13.0,13.1,13.1.1,VC_DSR_PDAN,Number of people whose damaged dwellings were attributed to disasters (number),858.0,Uruguay,2016.0,43341.0,2016,,,,,United Nations Office for Disaster Risk Reduction (2023),,Disclaimer: the data being submitted by UNDRR has been extracted from two sources: (a) the Sendai Framework Monitoring System as provided by designated national focal points; and (b) Desinventar disaster loss databases. Some of the data has not followed an official validation process and may be subject to revision at a later date.,,C,,G,,NUMBER
13.0,13.1,13.1.1,VC_DSR_PDAN,Number of people whose damaged dwellings were attributed to disasters (number),858.0,Uruguay,2017.0,12368.0,2017,,,,,United Nations Office for Disaster Risk Reduction (2023),,Disclaimer: the data being submitted by UNDRR has been extracted from two sources: (a) the Sendai Framework Monitoring System as provided by designated national focal points; and (b) Desinventar disaster loss databases. Some of the data has not followed an official validation process and may be subject to revision at a later date.,,C,,G,,NUMBER
13.0,13.1,13.1.1,VC_DSR_PDAN,Number of people whose damaged dwellings were attributed to disasters (number),858.0,Uruguay,2018.0,751.0,2018,,,,,United Nations Office for Disaster Risk Reduction (2023),,Disclaimer: the data being submitted by UNDRR has been extracted from two sources: (a) the Sendai Framework Monitoring System as provided by designated national focal points; and (b) Desinventar disaster loss databases. Some of the data has not followed an official validation process and may be subject to revision at a later date.,,C,,G,,NUMBER
13.0,13.1,13.1.1,VC_DSR_PDAN,Number of people whose damaged dwellings were attributed to disasters (number),858.0,Uruguay,2019.0,18517.0,2019,,,,,United Nations Office for Disaster Risk Reduction (2023),,Disclaimer: the data being submitted by UNDRR has been extracted from two sources: (a) the Sendai Framework Monitoring System as provided by designated national focal points; and (b) Desinventar disaster loss databases. Some of the data has not followed an official validation process and may be subject to revision at a later date.,,C,,G,,NUMBER
13.0,13.1,13.1.1,VC_DSR_PDAN,Number of people whose damaged dwellings were attributed to disasters (number),858.0,Uruguay,2020.0,953.0,2020,,,,,United Nations Office for Disaster Risk Reduction (2023),,Disclaimer: the data being submitted by UNDRR has been extracted from two sources: (a) the Sendai Framework Monitoring System as provided by designated national focal points; and (b) Desinventar disaster loss databases. Some of the data has not followed an official validation process and may be subject to revision at a later date.,,C,,G,,NUMBER
13.0,13.1,13.1.1,VC_DSR_PDAN,Number of people whose damaged dwellings were attributed to disasters (number),858.0,Uruguay,2021.0,211.0,2021,,,,,United Nations Office for Disaster Risk Reduction (2023),,Disclaimer: the data being submitted by UNDRR has been extracted from two sources: (a) the Sendai Framework Monitoring System as provided by designated national focal points; and (b) Desinventar disaster loss databases. Some of the data has not followed an official validation process and may be subject to revision at a later date.,,C,,G,,NUMBER
13.0,13.1,13.1.1,VC_DSR_PDYN,Number of people whose destroyed dwellings were attributed to disasters (number),858.0,Uruguay,2021.0,7.0,2021,,,,,United Nations Office for Disaster Risk Reduction (2023),,Disclaimer: the data being submitted by UNDRR has been extracted from two sources: (a) the Sendai Framework Monitoring System as provided by designated national focal points; and (b) Desinventar disaster loss databases. Some of the data has not followed an official validation process and may be subject to revision at a later date.,,C,,G,,NUMBER
13.0,13.1,13.1.1,VC_DSR_PDLN,"Number of people whose livelihoods were disrupted or destroyed, attributed to disasters (number)",858.0,Uruguay,2021.0,2.0,2021,,,,,United Nations Office for Disaster Risk Reduction (2023),,Disclaimer: the data being submitted by UNDRR has been extracted from two sources: (a) the Sendai Framework Monitoring System as provided by designated national focal points; and (b) Desinventar disaster loss databases. Some of the data has not followed an official validation process and may be subject to revision at a later date.,,C,,G,,NUMBER
13.0,13.1,13.1.2,SG_DSR_LGRGSR,Score of adoption and implementation of national DRR strategies in line with the Sendai Framework,858.0,Uruguay,2017.0,0.0,2017,,,,,United Nations Office for Disaster Risk Reduction (2023),,Disclaimer: The data being submitted by UNDRR has been extracted from the Sendai Framework Monitoring System as provided by designated national focal points. Some of the data has not followed an official validation process and may be subject to revision at a later date.,,C,,G,,INDEX
13.0,13.1,13.1.2,SG_DSR_LGRGSR,Score of adoption and implementation of national DRR strategies in line with the Sendai Framework,858.0,Uruguay,2020.0,0.6,2020,,,,,United Nations Office for Disaster Risk Reduction (2023),,Disclaimer: The data being submitted by UNDRR has been extracted from the Sendai Framework Monitoring System as provided by designated national focal points. Some of the data has not followed an official validation process and may be subject to revision at a later date.,,C,,G,,INDEX
13.0,13.1,13.1.3,SG_DSR_SILS,Proportion of local governments that adopt and implement local disaster risk reduction strategies in line with national disaster risk reduction strategies (%),858.0,Uruguay,2017.0,100.0,2017,,,,,United Nations Office for Disaster Risk Reduction (2023),,Disclaimer: The data being submitted by UNDRR has been extracted from the Sendai Framework Monitoring System as provided by designated national focal points. Some of the data has not followed an official validation process and may be subject to revision at a later date.,,C,,G,,PERCENT
13.0,13.1,13.1.3,SG_DSR_SILS,Proportion of local governments that adopt and implement local disaster risk reduction strategies in line with national disaster risk reduction strategies (%),858.0,Uruguay,2018.0,100.0,2018,,,,,United Nations Office for Disaster Risk Reduction (2023),,Disclaimer: The data being submitted by UNDRR has been extracted from the Sendai Framework Monitoring System as provided by designated national focal points. Some of the data has not followed an official validation process and may be subject to revision at a later date.,,C,,G,,PERCENT
13.0,13.1,13.1.3,SG_DSR_SILS,Proportion of local governments that adopt and implement local disaster risk reduction strategies in line with national disaster risk reduction strategies (%),858.0,Uruguay,2019.0,100.0,2019,,,,,United Nations Office for Disaster Risk Reduction (2023),,Disclaimer: The data being submitted by UNDRR has been extracted from the Sendai Framework Monitoring System as provided by designated national focal points. Some of the data has not followed an official validation process and may be subject to revision at a later date.,,C,,G,,PERCENT
13.0,13.1,13.1.3,SG_DSR_SILS,Proportion of local governments that adopt and implement local disaster risk reduction strategies in line with national disaster risk reduction strategies (%),858.0,Uruguay,2020.0,100.0,2020,,,,,United Nations Office for Disaster Risk Reduction (2023),,Disclaimer: The data being submitted by UNDRR has been extracted from the Sendai Framework Monitoring System as provided by designated national focal points. Some of the data has not followed an official validation process and may be subject to revision at a later date.,,C,,G,,PERCENT
13.0,13.1,13.1.3,SG_DSR_SILN,Number of local governments that adopt and implement local DRR strategies in line with national strategies (number),858.0,Uruguay,2017.0,19.0,2017,,,,,United Nations Office for Disaster Risk Reduction (2023),,Disclaimer: The data being submitted by UNDRR has been extracted from the Sendai Framework Monitoring System as provided by designated national focal points. Some of the data has not followed an official validation process and may be subject to revision at a later date.,,C,,G,,NUMBER
13.0,13.1,13.1.3,SG_DSR_SILN,Number of local governments that adopt and implement local DRR strategies in line with national strategies (number),858.0,Uruguay,2018.0,19.0,2018,,,,,United Nations Office for Disaster Risk Reduction (2023),,Disclaimer: The data being submitted by UNDRR has been extracted from the Sendai Framework Monitoring System as provided by designated national focal points. Some of the data has not followed an official validation process and may be subject to revision at a later date.,,C,,G,,NUMBER
13.0,13.1,13.1.3,SG_DSR_SILN,Number of local governments that adopt and implement local DRR strategies in line with national strategies (number),858.0,Uruguay,2019.0,19.0,2019,,,,,United Nations Office for Disaster Risk Reduction (2023),,Disclaimer: The data being submitted by UNDRR has been extracted from the Sendai Framework Monitoring System as provided by designated national focal points. Some of the data has not followed an official validation process and may be subject to revision at a later date.,,C,,G,,NUMBER
13.0,13.1,13.1.3,SG_DSR_SILN,Number of local governments that adopt and implement local DRR strategies in line with national strategies (number),858.0,Uruguay,2020.0,19.0,2020,,,,,United Nations Office for Disaster Risk Reduction (2023),,Disclaimer: The data being submitted by UNDRR has been extracted from the Sendai Framework Monitoring System as provided by designated national focal points. Some of the data has not followed an official validation process and may be subject to revision at a later date.,,C,,G,,NUMBER
13.0,13.1,13.1.3,SG_GOV_LOGV,Number of local governments (number),858.0,Uruguay,2017.0,19.0,2017,,,,,United Nations Office for Disaster Risk Reduction (2023),,Disclaimer: The data being submitted by UNDRR has been extracted from the Sendai Framework Monitoring System as provided by designated national focal points. Some of the data has not followed an official validation process and may be subject to revision at a later date.,,C,,G,,NUMBER
13.0,13.1,13.1.3,SG_GOV_LOGV,Number of local governments (number),858.0,Uruguay,2018.0,19.0,2018,,,,,United Nations Office for Disaster Risk Reduction (2023),,Disclaimer: The data being submitted by UNDRR has been extracted from the Sendai Framework Monitoring System as provided by designated national focal points. Some of the data has not followed an official validation process and may be subject to revision at a later date.,,C,,G,,NUMBER
13.0,13.1,13.1.3,SG_GOV_LOGV,Number of local governments (number),858.0,Uruguay,2019.0,19.0,2019,,,,,United Nations Office for Disaster Risk Reduction (2023),,Disclaimer: The data being submitted by UNDRR has been extracted from the Sendai Framework Monitoring System as provided by designated national focal points. Some of the data has not followed an official validation process and may be subject to revision at a later date.,,C,,G,,NUMBER
13.0,13.1,13.1.3,SG_GOV_LOGV,Number of local governments (number),858.0,Uruguay,2020.0,19.0,2020,,,,,United Nations Office for Disaster Risk Reduction (2023),,Disclaimer: The data being submitted by UNDRR has been extracted from the Sendai Framework Monitoring System as provided by designated national focal points. Some of the data has not followed an official validation process and may be subject to revision at a later date.,,C,,G,,NUMBER
13.0,13.2,13.2.2,EN_ATM_GHGT_NAIP,Total greenhouse gas emissions without LULUCF for non-Annex I Parties (Mt CO equivalent),858.0,Uruguay,2000.0,28.37121,2000,,,,,UNFCCC,,Party not included in Annex I to the Convention (UNFCCC),,C,,G,,MT_CO2E
13.0,13.2,13.2.2,EN_ATM_GHGT_NAIP,Total greenhouse gas emissions without LULUCF for non-Annex I Parties (Mt CO equivalent),858.0,Uruguay,2002.0,30.8123,2002,,,,,UNFCCC,,Party not included in Annex I to the Convention (UNFCCC),,C,,G,,MT_CO2E
13.0,13.2,13.2.2,EN_ATM_GHGT_NAIP,Total greenhouse gas emissions without LULUCF for non-Annex I Parties (Mt CO equivalent),858.0,Uruguay,2004.0,30.39631,2004,,,,,UNFCCC,,Party not included in Annex I to the Convention (UNFCCC),,C,,G,,MT_CO2E
13.0,13.2,13.2.2,EN_ATM_GHGT_NAIP,Total greenhouse gas emissions without LULUCF for non-Annex I Parties (Mt CO equivalent),858.0,Uruguay,2006.0,35.01952,2006,,,,,UNFCCC,,Party not included in Annex I to the Convention (UNFCCC),,C,,G,,MT_CO2E
13.0,13.2,13.2.2,EN_ATM_GHGT_NAIP,Total greenhouse gas emissions without LULUCF for non-Annex I Parties (Mt CO equivalent),858.0,Uruguay,2008.0,37.22881,2008,,,,,UNFCCC,,Party not included in Annex I to the Convention (UNFCCC),,C,,G,,MT_CO2E
13.0,13.2,13.2.2,EN_ATM_GHGT_NAIP,Total greenhouse gas emissions without LULUCF for non-Annex I Parties (Mt CO equivalent),858.0,Uruguay,2010.0,31.19958,2010,,,,,UNFCCC,,Party not included in Annex I to the Convention (UNFCCC),,C,,G,,MT_CO2E
13.0,13.2,13.2.2,EN_ATM_GHGT_NAIP,Total greenhouse gas emissions without LULUCF for non-Annex I Parties (Mt CO equivalent),858.0,Uruguay,2012.0,34.29476,2012,,,,,UNFCCC,,Party not included in Annex I to the Convention (UNFCCC),,C,,G,,MT_CO2E
13.0,13.2,13.2.2,EN_ATM_GHGT_NAIP,Total greenhouse gas emissions without LULUCF for non-Annex I Parties (Mt CO equivalent),858.0,Uruguay,2014.0,32.5646,2014,,,,,UNFCCC,,Party not included in Annex I to the Convention (UNFCCC),,C,,G,,MT_CO2E
13.0,13.2,13.2.2,EN_ATM_GHGT_NAIP,Total greenhouse gas emissions without LULUCF for non-Annex I Parties (Mt CO equivalent),858.0,Uruguay,2016.0,32.14755,2016,,,,,UNFCCC,,Party not included in Annex I to the Convention (UNFCCC),,C,,G,,MT_CO2E
13.0,13.2,13.2.2,EN_ATM_GHGT_NAIP,Total greenhouse gas emissions without LULUCF for non-Annex I Parties (Mt CO equivalent),858.0,Uruguay,2017.0,32.00648,2017,,,,,UNFCCC,,Party not included in Annex I to the Convention (UNFCCC),,C,,G,,MT_CO2E
13.0,13.3,13.3.1,SE_GCEDESD_NEP,Extent to which global citizenship education and education for sustainable development are mainstreamed in national education policies,858.0,Uruguay,2020.0,,2017-2020,,,,,"Country reports on the implementation of the UNESCO 1974 Recommendation concerning Education for International Understanding, Co-operation and Peace and Education relating to Human Rights and Fundamental Freedoms",,,,C,,G,,INDEX
13.0,13.3,13.3.1,SE_GCEDESD_CUR,Extent to which global citizenship education and education for sustainable development are mainstreamed in curricula,858.0,Uruguay,2020.0,,2017-2020,,,,,"Country reports on the implementation of the UNESCO 1974 Recommendation concerning Education for International Understanding, Co-operation and Peace and Education relating to Human Rights and Fundamental Freedoms",,,,C,,G,,INDEX
13.0,13.3,13.3.1,SE_GCEDESD_TED,Extent to which global citizenship education and education for sustainable development are mainstreamed in teacher education,858.0,Uruguay,2020.0,,2017-2020,,,,,"Country reports on the implementation of the UNESCO 1974 Recommendation concerning Education for International Understanding, Co-operation and Peace and Education relating to Human Rights and Fundamental Freedoms",,,,C,,G,,INDEX
13.0,13.3,13.3.1,SE_GCEDESD_SAS,Extent to which global citizenship education and education for sustainable development are mainstreamed in student assessment,858.0,Uruguay,2020.0,,2017-2020,,,,,"Country reports on the implementation of the UNESCO 1974 Recommendation concerning Education for International Understanding, Co-operation and Peace and Education relating to Human Rights and Fundamental Freedoms",,,,C,,G,,INDEX
,,,,,,,,,,,,,,,,,,,,,,
