Goal,Target,Indicator,SeriesCode,SeriesDescription,GeoAreaCode,GeoAreaName,TimePeriod,Value,Time_Detail,TimeCoverage,UpperBound,LowerBound,BasePeriod,Source,GeoInfoUrl,FootNote,[Age],[Location],[Nature],[Observation Status],[Reporting Type],[Sex],[Units]
5.0,5.1,5.1.1,SG_LGL_GENEQLFP,"Legal frameworks that promote, enforce and monitor gender equality (percentage of achievement, 0 - 100) -- Area 1: overarching legal frameworks and public life",604.0,Peru,2018.0,80.0,2018,,,,,UN Women,,"Data are derived from an assessment of country's legal frameworks completed by National Statistical Offices and/or National Women's Machinery, and legal practitioners/researchers on gender equality, using a questionnaire. ",,,G,,G,,PERCENT
5.0,5.1,5.1.1,SG_LGL_GENEQLFP,"Legal frameworks that promote, enforce and monitor gender equality (percentage of achievement, 0 - 100) -- Area 1: overarching legal frameworks and public life",604.0,Peru,2020.0,80.0,2020,,,,,UN Women,,"Data are derived from an assessment of country's legal frameworks completed by National Statistical Offices and/or National Women's Machinery, and legal practitioners/researchers on gender equality, using a questionnaire. ",,,G,,G,,PERCENT
5.0,5.1,5.1.1,SG_LGL_GENEQLFP,"Legal frameworks that promote, enforce and monitor gender equality (percentage of achievement, 0 - 100) -- Area 1: overarching legal frameworks and public life",604.0,Peru,2022.0,80.0,2022,,,,,UN Women,,"Data are derived from an assessment of country's legal frameworks completed by National Statistical Offices and/or National Women's Machinery, and legal practitioners/researchers on gender equality, using a questionnaire. ",,,G,,G,,PERCENT
5.0,5.1,5.1.1,SG_LGL_GENEQVAW,"Legal frameworks that promote, enforce and monitor gender equality (percentage of achievement, 0 - 100) --  Area 2: violence against women",604.0,Peru,2018.0,77.77778,2018,,,,,UN Women,,"Data are derived from an assessment of country's legal frameworks completed by National Statistical Offices and/or National Women's Machinery, and legal practitioners/researchers on gender equality, using a questionnaire. ",,,G,,G,,PERCENT
5.0,5.1,5.1.1,SG_LGL_GENEQVAW,"Legal frameworks that promote, enforce and monitor gender equality (percentage of achievement, 0 - 100) --  Area 2: violence against women",604.0,Peru,2020.0,77.77778,2020,,,,,UN Women,,"Data are derived from an assessment of country's legal frameworks completed by National Statistical Offices and/or National Women's Machinery, and legal practitioners/researchers on gender equality, using a questionnaire. ",,,G,,G,,PERCENT
5.0,5.1,5.1.1,SG_LGL_GENEQVAW,"Legal frameworks that promote, enforce and monitor gender equality (percentage of achievement, 0 - 100) --  Area 2: violence against women",604.0,Peru,2022.0,77.77778,2022,,,,,UN Women,,"Data are derived from an assessment of country's legal frameworks completed by National Statistical Offices and/or National Women's Machinery, and legal practitioners/researchers on gender equality, using a questionnaire. ",,,G,,G,,PERCENT
5.0,5.1,5.1.1,SG_LGL_GENEQEMP,"Legal frameworks that promote, enforce and monitor gender equality (percentage of achievement, 0 - 100) -- Area 3: employment and economic benefits",604.0,Peru,2018.0,100.0,2018,,,,,UN Women,,"Data are derived from an assessment of country's legal frameworks completed by National Statistical Offices and/or National Women's Machinery, and legal practitioners/researchers on gender equality, using a questionnaire. ",,,G,,G,,PERCENT
5.0,5.1,5.1.1,SG_LGL_GENEQEMP,"Legal frameworks that promote, enforce and monitor gender equality (percentage of achievement, 0 - 100) -- Area 3: employment and economic benefits",604.0,Peru,2020.0,100.0,2020,,,,,UN Women,,"Data are derived from an assessment of country's legal frameworks completed by National Statistical Offices and/or National Women's Machinery, and legal practitioners/researchers on gender equality, using a questionnaire. ",,,G,,G,,PERCENT
5.0,5.1,5.1.1,SG_LGL_GENEQEMP,"Legal frameworks that promote, enforce and monitor gender equality (percentage of achievement, 0 - 100) -- Area 3: employment and economic benefits",604.0,Peru,2022.0,100.0,2022,,,,,UN Women,,"Data are derived from an assessment of country's legal frameworks completed by National Statistical Offices and/or National Women's Machinery, and legal practitioners/researchers on gender equality, using a questionnaire. ",,,G,,G,,PERCENT
5.0,5.1,5.1.1,SG_LGL_GENEQMAR,"Legal frameworks that promote, enforce and monitor gender equality (percentage of achievement, 0 - 100) -- Area 4: marriage and family",604.0,Peru,2018.0,81.81818,2018,,,,,UN Women,,"Data are derived from an assessment of country's legal frameworks completed by National Statistical Offices and/or National Women's Machinery, and legal practitioners/researchers on gender equality, using a questionnaire. ",,,G,,G,,PERCENT
5.0,5.1,5.1.1,SG_LGL_GENEQMAR,"Legal frameworks that promote, enforce and monitor gender equality (percentage of achievement, 0 - 100) -- Area 4: marriage and family",604.0,Peru,2020.0,81.81818,2020,,,,,UN Women,,"Data are derived from an assessment of country's legal frameworks completed by National Statistical Offices and/or National Women's Machinery, and legal practitioners/researchers on gender equality, using a questionnaire. ",,,G,,G,,PERCENT
5.0,5.1,5.1.1,SG_LGL_GENEQMAR,"Legal frameworks that promote, enforce and monitor gender equality (percentage of achievement, 0 - 100) -- Area 4: marriage and family",604.0,Peru,2022.0,81.81818,2022,,,,,UN Women,,"Data are derived from an assessment of country's legal frameworks completed by National Statistical Offices and/or National Women's Machinery, and legal practitioners/researchers on gender equality, using a questionnaire. ",,,G,,G,,PERCENT
5.0,5.2,5.2.1,VC_VAW_MARR,"Proportion of ever-partnered women and girls subjected to physical and/or sexual violence by a current or former intimate partner in the previous 12 months, by age (%)",604.0,Peru,2018.0,11.1,2000-2018,,15.0,8.0,,"All Surveys and studies that are population-based, representative at the national or sub-national level, conducted between 2000 and 2018 and measured IPV using act-specific questions.",,,15-49,,E,,G,FEMALE,PERCENT
5.0,5.2,5.2.1,VC_VAW_MARR,"Proportion of ever-partnered women and girls subjected to physical and/or sexual violence by a current or former intimate partner in the previous 12 months, by age (%)",604.0,Peru,2018.0,9.1,2000-2018,,12.4,6.5,,"All Surveys and studies that are population-based, representative at the national or sub-national level, conducted between 2000 and 2018 and measured IPV using act-specific questions.",,,15+,,E,,G,FEMALE,PERCENT
5.0,5.3,5.3.1,SP_DYN_MRBF18,Proportion of women aged 20-24 years who were married or in a union before age 18 (%),604.0,Peru,2020.0,14.1,2020,,,,,ENDES 2020,, ,20-24,,C,,G,FEMALE,PER_MARW_20T24Y
5.0,5.3,5.3.1,SP_DYN_MRBF15,Proportion of women aged 20-24 years who were married or in a union before age 15 (%),604.0,Peru,2020.0,2.0,2020,,,,,ENDES 2020,, ,20-24,,C,,G,FEMALE,PER_MARW_20T24Y
5.0,5.4,5.4.1,SL_DOM_TSPDCW,"Proportion of time spent on unpaid care work, by sex, age and location (%)",604.0,Peru,2010.0,1.64917,2010,,,,,Instituto Nacional de Estadística e Informática based on National Survey of Time Use 2010,,,65+,ALLAREA,C,,G,FEMALE,PERCENT
5.0,5.4,5.4.1,SL_DOM_TSPDCW,"Proportion of time spent on unpaid care work, by sex, age and location (%)",604.0,Peru,2010.0,1.87405,2010,,,,,Instituto Nacional de Estadística e Informática based on National Survey of Time Use 2010,,,12+,ALLAREA,C,,G,MALE,PERCENT
5.0,5.4,5.4.1,SL_DOM_TSPDCW,"Proportion of time spent on unpaid care work, by sex, age and location (%)",604.0,Peru,2010.0,1.01957,2010,,,,,Instituto Nacional de Estadística e Informática based on National Survey of Time Use 2010,,,65+,RURAL,C,,G,FEMALE,PERCENT
5.0,5.4,5.4.1,SL_DOM_TSPDCW,"Proportion of time spent on unpaid care work, by sex, age and location (%)",604.0,Peru,2010.0,1.83615,2010,,,,,Instituto Nacional de Estadística e Informática based on National Survey of Time Use 2010,,,12+,RURAL,C,,G,MALE,PERCENT
5.0,5.4,5.4.1,SL_DOM_TSPDCW,"Proportion of time spent on unpaid care work, by sex, age and location (%)",604.0,Peru,2010.0,1.39298,2010,,,,,Instituto Nacional de Estadística e Informática based on National Survey of Time Use 2010,,,55-64,RURAL,C,,G,FEMALE,PERCENT
5.0,5.4,5.4.1,SL_DOM_TSPDCW,"Proportion of time spent on unpaid care work, by sex, age and location (%)",604.0,Peru,2010.0,0.88667,2010,,,,,Instituto Nacional de Estadística e Informática based on National Survey of Time Use 2010,,,55-64,RURAL,C,,G,MALE,PERCENT
5.0,5.4,5.4.1,SL_DOM_TSPDCW,"Proportion of time spent on unpaid care work, by sex, age and location (%)",604.0,Peru,2010.0,0.64307,2010,,,,,Instituto Nacional de Estadística e Informática based on National Survey of Time Use 2010,,,65+,RURAL,C,,G,MALE,PERCENT
5.0,5.4,5.4.1,SL_DOM_TSPDCW,"Proportion of time spent on unpaid care work, by sex, age and location (%)",604.0,Peru,2010.0,1.53672,2010,,,,,Instituto Nacional de Estadística e Informática based on National Survey of Time Use 2010,,,15-24,RURAL,C,,G,MALE,PERCENT
5.0,5.4,5.4.1,SL_DOM_TSPDCW,"Proportion of time spent on unpaid care work, by sex, age and location (%)",604.0,Peru,2010.0,1.18483,2010,,,,,Instituto Nacional de Estadística e Informática based on National Survey of Time Use 2010,,,55-64,ALLAREA,C,,G,MALE,PERCENT
5.0,5.4,5.4.1,SL_DOM_TSPDCW,"Proportion of time spent on unpaid care work, by sex, age and location (%)",604.0,Peru,2010.0,0.92792,2010,,,,,Instituto Nacional de Estadística e Informática based on National Survey of Time Use 2010,,,65+,ALLAREA,C,,G,MALE,PERCENT
5.0,5.4,5.4.1,SL_DOM_TSPDCW,"Proportion of time spent on unpaid care work, by sex, age and location (%)",604.0,Peru,2010.0,2.65118,2010,,,,,Instituto Nacional de Estadística e Informática based on National Survey of Time Use 2010,,,25-44,ALLAREA,C,,G,MALE,PERCENT
5.0,5.4,5.4.1,SL_DOM_TSPDCW,"Proportion of time spent on unpaid care work, by sex, age and location (%)",604.0,Peru,2010.0,1.67527,2010,,,,,Instituto Nacional de Estadística e Informática based on National Survey of Time Use 2010,,,45-54,ALLAREA,C,,G,MALE,PERCENT
5.0,5.4,5.4.1,SL_DOM_TSPDCW,"Proportion of time spent on unpaid care work, by sex, age and location (%)",604.0,Peru,2010.0,1.86528,2010,,,,,Instituto Nacional de Estadística e Informática based on National Survey of Time Use 2010,,,15+,ALLAREA,C,,G,MALE,PERCENT
5.0,5.4,5.4.1,SL_DOM_TSPDCW,"Proportion of time spent on unpaid care work, by sex, age and location (%)",604.0,Peru,2010.0,1.25163,2010,,,,,Instituto Nacional de Estadística e Informática based on National Survey of Time Use 2010,,,15-24,ALLAREA,C,,G,MALE,PERCENT
5.0,5.4,5.4.1,SL_DOM_TSPDCW,"Proportion of time spent on unpaid care work, by sex, age and location (%)",604.0,Peru,2010.0,4.1949,2010,,,,,Instituto Nacional de Estadística e Informática based on National Survey of Time Use 2010,,,12+,RURAL,C,,G,FEMALE,PERCENT
5.0,5.4,5.4.1,SL_DOM_TSPDCW,"Proportion of time spent on unpaid care work, by sex, age and location (%)",604.0,Peru,2010.0,4.50772,2010,,,,,Instituto Nacional de Estadística e Informática based on National Survey of Time Use 2010,,,15-24,ALLAREA,C,,G,FEMALE,PERCENT
5.0,5.4,5.4.1,SL_DOM_TSPDCW,"Proportion of time spent on unpaid care work, by sex, age and location (%)",604.0,Peru,2010.0,7.67966,2010,,,,,Instituto Nacional de Estadística e Informática based on National Survey of Time Use 2010,,,25-44,ALLAREA,C,,G,FEMALE,PERCENT
5.0,5.4,5.4.1,SL_DOM_TSPDCW,"Proportion of time spent on unpaid care work, by sex, age and location (%)",604.0,Peru,2010.0,4.96474,2010,,,,,Instituto Nacional de Estadística e Informática based on National Survey of Time Use 2010,,,12+,ALLAREA,C,,G,FEMALE,PERCENT
5.0,5.4,5.4.1,SL_DOM_TSPDCW,"Proportion of time spent on unpaid care work, by sex, age and location (%)",604.0,Peru,2010.0,5.18395,2010,,,,,Instituto Nacional de Estadística e Informática based on National Survey of Time Use 2010,,,15+,ALLAREA,C,,G,FEMALE,PERCENT
5.0,5.4,5.4.1,SL_DOM_TSPDCW,"Proportion of time spent on unpaid care work, by sex, age and location (%)",604.0,Peru,2010.0,3.21508,2010,,,,,Instituto Nacional de Estadística e Informática based on National Survey of Time Use 2010,,,45-54,ALLAREA,C,,G,FEMALE,PERCENT
5.0,5.4,5.4.1,SL_DOM_TSPDCW,"Proportion of time spent on unpaid care work, by sex, age and location (%)",604.0,Peru,2010.0,2.50887,2010,,,,,Instituto Nacional de Estadística e Informática based on National Survey of Time Use 2010,,,55-64,ALLAREA,C,,G,FEMALE,PERCENT
5.0,5.4,5.4.1,SL_DOM_TSPDCW,"Proportion of time spent on unpaid care work, by sex, age and location (%)",604.0,Peru,2010.0,5.20522,2010,,,,,Instituto Nacional de Estadística e Informática based on National Survey of Time Use 2010,,,12+,URBAN,C,,G,FEMALE,PERCENT
5.0,5.4,5.4.1,SL_DOM_TSPDCW,"Proportion of time spent on unpaid care work, by sex, age and location (%)",604.0,Peru,2010.0,2.50927,2010,,,,,Instituto Nacional de Estadística e Informática based on National Survey of Time Use 2010,,,25-44,RURAL,C,,G,MALE,PERCENT
5.0,5.4,5.4.1,SL_DOM_TSPDCW,"Proportion of time spent on unpaid care work, by sex, age and location (%)",604.0,Peru,2010.0,1.83355,2010,,,,,Instituto Nacional de Estadística e Informática based on National Survey of Time Use 2010,,,45-54,RURAL,C,,G,MALE,PERCENT
5.0,5.4,5.4.1,SL_DOM_TSPDCW,"Proportion of time spent on unpaid care work, by sex, age and location (%)",604.0,Peru,2010.0,1.81423,2010,,,,,Instituto Nacional de Estadística e Informática based on National Survey of Time Use 2010,,,15+,RURAL,C,,G,MALE,PERCENT
5.0,5.4,5.4.1,SL_DOM_TSPDCW,"Proportion of time spent on unpaid care work, by sex, age and location (%)",604.0,Peru,2010.0,2.53417,2010,,,,,Instituto Nacional de Estadística e Informática based on National Survey of Time Use 2010,,,45-54,RURAL,C,,G,FEMALE,PERCENT
5.0,5.4,5.4.1,SL_DOM_TSPDCW,"Proportion of time spent on unpaid care work, by sex, age and location (%)",604.0,Peru,2010.0,4.55508,2010,,,,,Instituto Nacional de Estadística e Informática based on National Survey of Time Use 2010,,,15-24,RURAL,C,,G,FEMALE,PERCENT
5.0,5.4,5.4.1,SL_DOM_TSPDCW,"Proportion of time spent on unpaid care work, by sex, age and location (%)",604.0,Peru,2010.0,6.72598,2010,,,,,Instituto Nacional de Estadística e Informática based on National Survey of Time Use 2010,,,25-44,RURAL,C,,G,FEMALE,PERCENT
5.0,5.4,5.4.1,SL_DOM_TSPDCW,"Proportion of time spent on unpaid care work, by sex, age and location (%)",604.0,Peru,2010.0,4.41556,2010,,,,,Instituto Nacional de Estadística e Informática based on National Survey of Time Use 2010,,,15+,RURAL,C,,G,FEMALE,PERCENT
5.0,5.4,5.4.1,SL_DOM_TSPDCW,"Proportion of time spent on unpaid care work, by sex, age and location (%)",604.0,Peru,2010.0,5.41607,2010,,,,,Instituto Nacional de Estadística e Informática based on National Survey of Time Use 2010,,,15+,URBAN,C,,G,FEMALE,PERCENT
5.0,5.4,5.4.1,SL_DOM_TSPDCW,"Proportion of time spent on unpaid care work, by sex, age and location (%)",604.0,Peru,2010.0,3.43293,2010,,,,,Instituto Nacional de Estadística e Informática based on National Survey of Time Use 2010,,,45-54,URBAN,C,,G,FEMALE,PERCENT
5.0,5.4,5.4.1,SL_DOM_TSPDCW,"Proportion of time spent on unpaid care work, by sex, age and location (%)",604.0,Peru,2010.0,2.85121,2010,,,,,Instituto Nacional de Estadística e Informática based on National Survey of Time Use 2010,,,55-64,URBAN,C,,G,FEMALE,PERCENT
5.0,5.4,5.4.1,SL_DOM_TSPDCW,"Proportion of time spent on unpaid care work, by sex, age and location (%)",604.0,Peru,2010.0,1.918,2010,,,,,Instituto Nacional de Estadística e Informática based on National Survey of Time Use 2010,,,65+,URBAN,C,,G,FEMALE,PERCENT
5.0,5.4,5.4.1,SL_DOM_TSPDCW,"Proportion of time spent on unpaid care work, by sex, age and location (%)",604.0,Peru,2010.0,1.88641,2010,,,,,Instituto Nacional de Estadística e Informática based on National Survey of Time Use 2010,,,12+,URBAN,C,,G,MALE,PERCENT
5.0,5.4,5.4.1,SL_DOM_TSPDCW,"Proportion of time spent on unpaid care work, by sex, age and location (%)",604.0,Peru,2010.0,1.88109,2010,,,,,Instituto Nacional de Estadística e Informática based on National Survey of Time Use 2010,,,15+,URBAN,C,,G,MALE,PERCENT
5.0,5.4,5.4.1,SL_DOM_TSPDCW,"Proportion of time spent on unpaid care work, by sex, age and location (%)",604.0,Peru,2010.0,1.17721,2010,,,,,Instituto Nacional de Estadística e Informática based on National Survey of Time Use 2010,,,15-24,URBAN,C,,G,MALE,PERCENT
5.0,5.4,5.4.1,SL_DOM_TSPDCW,"Proportion of time spent on unpaid care work, by sex, age and location (%)",604.0,Peru,2010.0,1.28871,2010,,,,,Instituto Nacional de Estadística e Informática based on National Survey of Time Use 2010,,,55-64,URBAN,C,,G,MALE,PERCENT
5.0,5.4,5.4.1,SL_DOM_TSPDCW,"Proportion of time spent on unpaid care work, by sex, age and location (%)",604.0,Peru,2010.0,1.06821,2010,,,,,Instituto Nacional de Estadística e Informática based on National Survey of Time Use 2010,,,65+,URBAN,C,,G,MALE,PERCENT
5.0,5.4,5.4.1,SL_DOM_TSPDCW,"Proportion of time spent on unpaid care work, by sex, age and location (%)",604.0,Peru,2010.0,4.49497,2010,,,,,Instituto Nacional de Estadística e Informática based on National Survey of Time Use 2010,,,15-24,URBAN,C,,G,FEMALE,PERCENT
5.0,5.4,5.4.1,SL_DOM_TSPDCW,"Proportion of time spent on unpaid care work, by sex, age and location (%)",604.0,Peru,2010.0,7.95788,2010,,,,,Instituto Nacional de Estadística e Informática based on National Survey of Time Use 2010,,,25-44,URBAN,C,,G,FEMALE,PERCENT
5.0,5.4,5.4.1,SL_DOM_TSPDCW,"Proportion of time spent on unpaid care work, by sex, age and location (%)",604.0,Peru,2010.0,1.62537,2010,,,,,Instituto Nacional de Estadística e Informática based on National Survey of Time Use 2010,,,45-54,URBAN,C,,G,MALE,PERCENT
5.0,5.4,5.4.1,SL_DOM_TSPDCW,"Proportion of time spent on unpaid care work, by sex, age and location (%)",604.0,Peru,2010.0,2.69404,2010,,,,,Instituto Nacional de Estadística e Informática based on National Survey of Time Use 2010,,,25-44,URBAN,C,,G,MALE,PERCENT
5.0,5.4,5.4.1,SL_DOM_TSPDDC,"Proportion of time spent on unpaid domestic chores, by sex, age and location (%)",604.0,Peru,2010.0,17.70146,2010,,,,,Instituto Nacional de Estadística e Informática based on National Survey of Time Use 2010,,,12+,ALLAREA,C,,G,FEMALE,PERCENT
5.0,5.4,5.4.1,SL_DOM_TSPDDC,"Proportion of time spent on unpaid domestic chores, by sex, age and location (%)",604.0,Peru,2010.0,9.06617,2010,,,,,Instituto Nacional de Estadística e Informática based on National Survey of Time Use 2010,,,15+,RURAL,C,,G,MALE,PERCENT
5.0,5.4,5.4.1,SL_DOM_TSPDDC,"Proportion of time spent on unpaid domestic chores, by sex, age and location (%)",604.0,Peru,2010.0,22.8275,2010,,,,,Instituto Nacional de Estadística e Informática based on National Survey of Time Use 2010,,,65+,RURAL,C,,G,FEMALE,PERCENT
5.0,5.4,5.4.1,SL_DOM_TSPDDC,"Proportion of time spent on unpaid domestic chores, by sex, age and location (%)",604.0,Peru,2010.0,18.67517,2010,,,,,Instituto Nacional de Estadística e Informática based on National Survey of Time Use 2010,,,25-44,URBAN,C,,G,FEMALE,PERCENT
5.0,5.4,5.4.1,SL_DOM_TSPDDC,"Proportion of time spent on unpaid domestic chores, by sex, age and location (%)",604.0,Peru,2010.0,25.73018,2010,,,,,Instituto Nacional de Estadística e Informática based on National Survey of Time Use 2010,,,45-54,RURAL,C,,G,FEMALE,PERCENT
5.0,5.4,5.4.1,SL_DOM_TSPDDC,"Proportion of time spent on unpaid domestic chores, by sex, age and location (%)",604.0,Peru,2010.0,24.91548,2010,,,,,Instituto Nacional de Estadística e Informática based on National Survey of Time Use 2010,,,55-64,RURAL,C,,G,FEMALE,PERCENT
5.0,5.4,5.4.1,SL_DOM_TSPDDC,"Proportion of time spent on unpaid domestic chores, by sex, age and location (%)",604.0,Peru,2010.0,6.08782,2010,,,,,Instituto Nacional de Estadística e Informática based on National Survey of Time Use 2010,,,15-24,ALLAREA,C,,G,MALE,PERCENT
5.0,5.4,5.4.1,SL_DOM_TSPDDC,"Proportion of time spent on unpaid domestic chores, by sex, age and location (%)",604.0,Peru,2010.0,6.10823,2010,,,,,Instituto Nacional de Estadística e Informática based on National Survey of Time Use 2010,,,25-44,URBAN,C,,G,MALE,PERCENT
5.0,5.4,5.4.1,SL_DOM_TSPDDC,"Proportion of time spent on unpaid domestic chores, by sex, age and location (%)",604.0,Peru,2010.0,6.96222,2010,,,,,Instituto Nacional de Estadística e Informática based on National Survey of Time Use 2010,,,45-54,URBAN,C,,G,MALE,PERCENT
5.0,5.4,5.4.1,SL_DOM_TSPDDC,"Proportion of time spent on unpaid domestic chores, by sex, age and location (%)",604.0,Peru,2010.0,7.95779,2010,,,,,Instituto Nacional de Estadística e Informática based on National Survey of Time Use 2010,,,55-64,URBAN,C,,G,MALE,PERCENT
5.0,5.4,5.4.1,SL_DOM_TSPDDC,"Proportion of time spent on unpaid domestic chores, by sex, age and location (%)",604.0,Peru,2010.0,8.81652,2010,,,,,Instituto Nacional de Estadística e Informática based on National Survey of Time Use 2010,,,65+,URBAN,C,,G,MALE,PERCENT
5.0,5.4,5.4.1,SL_DOM_TSPDDC,"Proportion of time spent on unpaid domestic chores, by sex, age and location (%)",604.0,Peru,2010.0,6.37872,2010,,,,,Instituto Nacional de Estadística e Informática based on National Survey of Time Use 2010,,,12+,URBAN,C,,G,MALE,PERCENT
5.0,5.4,5.4.1,SL_DOM_TSPDDC,"Proportion of time spent on unpaid domestic chores, by sex, age and location (%)",604.0,Peru,2010.0,18.37636,2010,,,,,Instituto Nacional de Estadística e Informática based on National Survey of Time Use 2010,,,15+,ALLAREA,C,,G,FEMALE,PERCENT
5.0,5.4,5.4.1,SL_DOM_TSPDDC,"Proportion of time spent on unpaid domestic chores, by sex, age and location (%)",604.0,Peru,2010.0,12.5969,2010,,,,,Instituto Nacional de Estadística e Informática based on National Survey of Time Use 2010,,,15-24,ALLAREA,C,,G,FEMALE,PERCENT
5.0,5.4,5.4.1,SL_DOM_TSPDDC,"Proportion of time spent on unpaid domestic chores, by sex, age and location (%)",604.0,Peru,2010.0,20.21638,2010,,,,,Instituto Nacional de Estadística e Informática based on National Survey of Time Use 2010,,,25-44,ALLAREA,C,,G,FEMALE,PERCENT
5.0,5.4,5.4.1,SL_DOM_TSPDDC,"Proportion of time spent on unpaid domestic chores, by sex, age and location (%)",604.0,Peru,2010.0,6.74223,2010,,,,,Instituto Nacional de Estadística e Informática based on National Survey of Time Use 2010,,,25-44,ALLAREA,C,,G,MALE,PERCENT
5.0,5.4,5.4.1,SL_DOM_TSPDDC,"Proportion of time spent on unpaid domestic chores, by sex, age and location (%)",604.0,Peru,2010.0,7.63241,2010,,,,,Instituto Nacional de Estadística e Informática based on National Survey of Time Use 2010,,,45-54,ALLAREA,C,,G,MALE,PERCENT
5.0,5.4,5.4.1,SL_DOM_TSPDDC,"Proportion of time spent on unpaid domestic chores, by sex, age and location (%)",604.0,Peru,2010.0,8.59857,2010,,,,,Instituto Nacional de Estadística e Informática based on National Survey of Time Use 2010,,,55-64,ALLAREA,C,,G,MALE,PERCENT
5.0,5.4,5.4.1,SL_DOM_TSPDDC,"Proportion of time spent on unpaid domestic chores, by sex, age and location (%)",604.0,Peru,2010.0,9.62216,2010,,,,,Instituto Nacional de Estadística e Informática based on National Survey of Time Use 2010,,,65+,ALLAREA,C,,G,MALE,PERCENT
5.0,5.4,5.4.1,SL_DOM_TSPDDC,"Proportion of time spent on unpaid domestic chores, by sex, age and location (%)",604.0,Peru,2010.0,21.96273,2010,,,,,Instituto Nacional de Estadística e Informática based on National Survey of Time Use 2010,,,12+,RURAL,C,,G,FEMALE,PERCENT
5.0,5.4,5.4.1,SL_DOM_TSPDDC,"Proportion of time spent on unpaid domestic chores, by sex, age and location (%)",604.0,Peru,2010.0,23.12598,2010,,,,,Instituto Nacional de Estadística e Informática based on National Survey of Time Use 2010,,,15+,RURAL,C,,G,FEMALE,PERCENT
5.0,5.4,5.4.1,SL_DOM_TSPDDC,"Proportion of time spent on unpaid domestic chores, by sex, age and location (%)",604.0,Peru,2010.0,17.24146,2010,,,,,Instituto Nacional de Estadística e Informática based on National Survey of Time Use 2010,,,15-24,RURAL,C,,G,FEMALE,PERCENT
5.0,5.4,5.4.1,SL_DOM_TSPDDC,"Proportion of time spent on unpaid domestic chores, by sex, age and location (%)",604.0,Peru,2010.0,8.84145,2010,,,,,Instituto Nacional de Estadística e Informática based on National Survey of Time Use 2010,,,25-44,RURAL,C,,G,MALE,PERCENT
5.0,5.4,5.4.1,SL_DOM_TSPDDC,"Proportion of time spent on unpaid domestic chores, by sex, age and location (%)",604.0,Peru,2010.0,19.98939,2010,,,,,Instituto Nacional de Estadística e Informática based on National Survey of Time Use 2010,,,45-54,URBAN,C,,G,FEMALE,PERCENT
5.0,5.4,5.4.1,SL_DOM_TSPDDC,"Proportion of time spent on unpaid domestic chores, by sex, age and location (%)",604.0,Peru,2010.0,21.00771,2010,,,,,Instituto Nacional de Estadística e Informática based on National Survey of Time Use 2010,,,55-64,URBAN,C,,G,FEMALE,PERCENT
5.0,5.4,5.4.1,SL_DOM_TSPDDC,"Proportion of time spent on unpaid domestic chores, by sex, age and location (%)",604.0,Peru,2010.0,7.47032,2010,,,,,Instituto Nacional de Estadística e Informática based on National Survey of Time Use 2010,,,15-24,RURAL,C,,G,MALE,PERCENT
5.0,5.4,5.4.1,SL_DOM_TSPDDC,"Proportion of time spent on unpaid domestic chores, by sex, age and location (%)",604.0,Peru,2010.0,17.39751,2010,,,,,Instituto Nacional de Estadística e Informática based on National Survey of Time Use 2010,,,65+,URBAN,C,,G,FEMALE,PERCENT
5.0,5.4,5.4.1,SL_DOM_TSPDDC,"Proportion of time spent on unpaid domestic chores, by sex, age and location (%)",604.0,Peru,2010.0,6.46563,2010,,,,,Instituto Nacional de Estadística e Informática based on National Survey of Time Use 2010,,,15+,URBAN,C,,G,MALE,PERCENT
5.0,5.4,5.4.1,SL_DOM_TSPDDC,"Proportion of time spent on unpaid domestic chores, by sex, age and location (%)",604.0,Peru,2010.0,5.72691,2010,,,,,Instituto Nacional de Estadística e Informática based on National Survey of Time Use 2010,,,15-24,URBAN,C,,G,MALE,PERCENT
5.0,5.4,5.4.1,SL_DOM_TSPDDC,"Proportion of time spent on unpaid domestic chores, by sex, age and location (%)",604.0,Peru,2010.0,21.3809,2010,,,,,Instituto Nacional de Estadística e Informática based on National Survey of Time Use 2010,,,45-54,ALLAREA,C,,G,FEMALE,PERCENT
5.0,5.4,5.4.1,SL_DOM_TSPDDC,"Proportion of time spent on unpaid domestic chores, by sex, age and location (%)",604.0,Peru,2010.0,21.92513,2010,,,,,Instituto Nacional de Estadística e Informática based on National Survey of Time Use 2010,,,55-64,ALLAREA,C,,G,FEMALE,PERCENT
5.0,5.4,5.4.1,SL_DOM_TSPDDC,"Proportion of time spent on unpaid domestic chores, by sex, age and location (%)",604.0,Peru,2010.0,19.02224,2010,,,,,Instituto Nacional de Estadística e Informática based on National Survey of Time Use 2010,,,65+,ALLAREA,C,,G,FEMALE,PERCENT
5.0,5.4,5.4.1,SL_DOM_TSPDDC,"Proportion of time spent on unpaid domestic chores, by sex, age and location (%)",604.0,Peru,2010.0,6.96331,2010,,,,,Instituto Nacional de Estadística e Informática based on National Survey of Time Use 2010,,,12+,ALLAREA,C,,G,MALE,PERCENT
5.0,5.4,5.4.1,SL_DOM_TSPDDC,"Proportion of time spent on unpaid domestic chores, by sex, age and location (%)",604.0,Peru,2010.0,8.75699,2010,,,,,Instituto Nacional de Estadística e Informática based on National Survey of Time Use 2010,,,12+,RURAL,C,,G,MALE,PERCENT
5.0,5.4,5.4.1,SL_DOM_TSPDDC,"Proportion of time spent on unpaid domestic chores, by sex, age and location (%)",604.0,Peru,2010.0,7.08077,2010,,,,,Instituto Nacional de Estadística e Informática based on National Survey of Time Use 2010,,,15+,ALLAREA,C,,G,MALE,PERCENT
5.0,5.4,5.4.1,SL_DOM_TSPDDC,"Proportion of time spent on unpaid domestic chores, by sex, age and location (%)",604.0,Peru,2010.0,9.75843,2010,,,,,Instituto Nacional de Estadística e Informática based on National Survey of Time Use 2010,,,45-54,RURAL,C,,G,MALE,PERCENT
5.0,5.4,5.4.1,SL_DOM_TSPDDC,"Proportion of time spent on unpaid domestic chores, by sex, age and location (%)",604.0,Peru,2010.0,10.43779,2010,,,,,Instituto Nacional de Estadística e Informática based on National Survey of Time Use 2010,,,55-64,RURAL,C,,G,MALE,PERCENT
5.0,5.4,5.4.1,SL_DOM_TSPDDC,"Proportion of time spent on unpaid domestic chores, by sex, age and location (%)",604.0,Peru,2010.0,11.258,2010,,,,,Instituto Nacional de Estadística e Informática based on National Survey of Time Use 2010,,,65+,RURAL,C,,G,MALE,PERCENT
5.0,5.4,5.4.1,SL_DOM_TSPDDC,"Proportion of time spent on unpaid domestic chores, by sex, age and location (%)",604.0,Peru,2010.0,16.37035,2010,,,,,Instituto Nacional de Estadística e Informática based on National Survey of Time Use 2010,,,12+,URBAN,C,,G,FEMALE,PERCENT
5.0,5.4,5.4.1,SL_DOM_TSPDDC,"Proportion of time spent on unpaid domestic chores, by sex, age and location (%)",604.0,Peru,2010.0,16.94159,2010,,,,,Instituto Nacional de Estadística e Informática based on National Survey of Time Use 2010,,,15+,URBAN,C,,G,FEMALE,PERCENT
5.0,5.4,5.4.1,SL_DOM_TSPDDC,"Proportion of time spent on unpaid domestic chores, by sex, age and location (%)",604.0,Peru,2010.0,11.34594,2010,,,,,Instituto Nacional de Estadística e Informática based on National Survey of Time Use 2010,,,15-24,URBAN,C,,G,FEMALE,PERCENT
5.0,5.4,5.4.1,SL_DOM_TSPDDC,"Proportion of time spent on unpaid domestic chores, by sex, age and location (%)",604.0,Peru,2010.0,25.49939,2010,,,,,Instituto Nacional de Estadística e Informática based on National Survey of Time Use 2010,,,25-44,RURAL,C,,G,FEMALE,PERCENT
5.0,5.4,5.4.1,SL_DOM_TSPD,"Proportion of time spent on unpaid domestic chores and care work, by sex, age and location (%)",604.0,Peru,2010.0,9.00704,2010,,,,,Instituto Nacional de Estadística e Informática based on National Survey of Time Use 2010,,,15-24,RURAL,C,,G,MALE,PERCENT
5.0,5.4,5.4.1,SL_DOM_TSPD,"Proportion of time spent on unpaid domestic chores and care work, by sex, age and location (%)",604.0,Peru,2010.0,11.35071,2010,,,,,Instituto Nacional de Estadística e Informática based on National Survey of Time Use 2010,,,25-44,RURAL,C,,G,MALE,PERCENT
5.0,5.4,5.4.1,SL_DOM_TSPD,"Proportion of time spent on unpaid domestic chores and care work, by sex, age and location (%)",604.0,Peru,2010.0,26.63305,2010,,,,,Instituto Nacional de Estadística e Informática based on National Survey of Time Use 2010,,,25-44,URBAN,C,,G,FEMALE,PERCENT
5.0,5.4,5.4.1,SL_DOM_TSPD,"Proportion of time spent on unpaid domestic chores and care work, by sex, age and location (%)",604.0,Peru,2010.0,8.80226,2010,,,,,Instituto Nacional de Estadística e Informática based on National Survey of Time Use 2010,,,25-44,URBAN,C,,G,MALE,PERCENT
5.0,5.4,5.4.1,SL_DOM_TSPD,"Proportion of time spent on unpaid domestic chores and care work, by sex, age and location (%)",604.0,Peru,2010.0,8.58758,2010,,,,,Instituto Nacional de Estadística e Informática based on National Survey of Time Use 2010,,,45-54,URBAN,C,,G,MALE,PERCENT
5.0,5.4,5.4.1,SL_DOM_TSPD,"Proportion of time spent on unpaid domestic chores and care work, by sex, age and location (%)",604.0,Peru,2010.0,9.2465,2010,,,,,Instituto Nacional de Estadística e Informática based on National Survey of Time Use 2010,,,55-64,URBAN,C,,G,MALE,PERCENT
5.0,5.4,5.4.1,SL_DOM_TSPD,"Proportion of time spent on unpaid domestic chores and care work, by sex, age and location (%)",604.0,Peru,2010.0,27.89605,2010,,,,,Instituto Nacional de Estadística e Informática based on National Survey of Time Use 2010,,,25-44,ALLAREA,C,,G,FEMALE,PERCENT
5.0,5.4,5.4.1,SL_DOM_TSPD,"Proportion of time spent on unpaid domestic chores and care work, by sex, age and location (%)",604.0,Peru,2010.0,24.59598,2010,,,,,Instituto Nacional de Estadística e Informática based on National Survey of Time Use 2010,,,45-54,ALLAREA,C,,G,FEMALE,PERCENT
5.0,5.4,5.4.1,SL_DOM_TSPD,"Proportion of time spent on unpaid domestic chores and care work, by sex, age and location (%)",604.0,Peru,2010.0,8.26512,2010,,,,,Instituto Nacional de Estadística e Informática based on National Survey of Time Use 2010,,,12+,URBAN,C,,G,MALE,PERCENT
5.0,5.4,5.4.1,SL_DOM_TSPD,"Proportion of time spent on unpaid domestic chores and care work, by sex, age and location (%)",604.0,Peru,2010.0,8.94605,2010,,,,,Instituto Nacional de Estadística e Informática based on National Survey of Time Use 2010,,,15+,ALLAREA,C,,G,MALE,PERCENT
5.0,5.4,5.4.1,SL_DOM_TSPD,"Proportion of time spent on unpaid domestic chores and care work, by sex, age and location (%)",604.0,Peru,2010.0,23.84707,2010,,,,,Instituto Nacional de Estadística e Informática based on National Survey of Time Use 2010,,,65+,RURAL,C,,G,FEMALE,PERCENT
5.0,5.4,5.4.1,SL_DOM_TSPD,"Proportion of time spent on unpaid domestic chores and care work, by sex, age and location (%)",604.0,Peru,2010.0,26.15763,2010,,,,,Instituto Nacional de Estadística e Informática based on National Survey of Time Use 2010,,,12+,RURAL,C,,G,FEMALE,PERCENT
5.0,5.4,5.4.1,SL_DOM_TSPD,"Proportion of time spent on unpaid domestic chores and care work, by sex, age and location (%)",604.0,Peru,2010.0,10.59314,2010,,,,,Instituto Nacional de Estadística e Informática based on National Survey of Time Use 2010,,,12+,RURAL,C,,G,MALE,PERCENT
5.0,5.4,5.4.1,SL_DOM_TSPD,"Proportion of time spent on unpaid domestic chores and care work, by sex, age and location (%)",604.0,Peru,2010.0,22.35766,2010,,,,,Instituto Nacional de Estadística e Informática based on National Survey of Time Use 2010,,,15+,URBAN,C,,G,FEMALE,PERCENT
5.0,5.4,5.4.1,SL_DOM_TSPD,"Proportion of time spent on unpaid domestic chores and care work, by sex, age and location (%)",604.0,Peru,2010.0,21.57557,2010,,,,,Instituto Nacional de Estadística e Informática based on National Survey of Time Use 2010,,,12+,URBAN,C,,G,FEMALE,PERCENT
5.0,5.4,5.4.1,SL_DOM_TSPD,"Proportion of time spent on unpaid domestic chores and care work, by sex, age and location (%)",604.0,Peru,2010.0,10.8804,2010,,,,,Instituto Nacional de Estadística e Informática based on National Survey of Time Use 2010,,,15+,RURAL,C,,G,MALE,PERCENT
5.0,5.4,5.4.1,SL_DOM_TSPD,"Proportion of time spent on unpaid domestic chores and care work, by sex, age and location (%)",604.0,Peru,2010.0,32.22537,2010,,,,,Instituto Nacional de Estadística e Informática based on National Survey of Time Use 2010,,,25-44,RURAL,C,,G,FEMALE,PERCENT
5.0,5.4,5.4.1,SL_DOM_TSPD,"Proportion of time spent on unpaid domestic chores and care work, by sex, age and location (%)",604.0,Peru,2010.0,23.85893,2010,,,,,Instituto Nacional de Estadística e Informática based on National Survey of Time Use 2010,,,55-64,URBAN,C,,G,FEMALE,PERCENT
5.0,5.4,5.4.1,SL_DOM_TSPD,"Proportion of time spent on unpaid domestic chores and care work, by sex, age and location (%)",604.0,Peru,2010.0,6.90412,2010,,,,,Instituto Nacional de Estadística e Informática based on National Survey of Time Use 2010,,,15-24,URBAN,C,,G,MALE,PERCENT
5.0,5.4,5.4.1,SL_DOM_TSPD,"Proportion of time spent on unpaid domestic chores and care work, by sex, age and location (%)",604.0,Peru,2010.0,23.56031,2010,,,,,Instituto Nacional de Estadística e Informática based on National Survey of Time Use 2010,,,15+,ALLAREA,C,,G,FEMALE,PERCENT
5.0,5.4,5.4.1,SL_DOM_TSPD,"Proportion of time spent on unpaid domestic chores and care work, by sex, age and location (%)",604.0,Peru,2010.0,17.10463,2010,,,,,Instituto Nacional de Estadística e Informática based on National Survey of Time Use 2010,,,15-24,ALLAREA,C,,G,FEMALE,PERCENT
5.0,5.4,5.4.1,SL_DOM_TSPD,"Proportion of time spent on unpaid domestic chores and care work, by sex, age and location (%)",604.0,Peru,2010.0,22.6662,2010,,,,,Instituto Nacional de Estadística e Informática based on National Survey of Time Use 2010,,,12+,ALLAREA,C,,G,FEMALE,PERCENT
5.0,5.4,5.4.1,SL_DOM_TSPD,"Proportion of time spent on unpaid domestic chores and care work, by sex, age and location (%)",604.0,Peru,2010.0,9.30768,2010,,,,,Instituto Nacional de Estadística e Informática based on National Survey of Time Use 2010,,,45-54,ALLAREA,C,,G,MALE,PERCENT
5.0,5.4,5.4.1,SL_DOM_TSPD,"Proportion of time spent on unpaid domestic chores and care work, by sex, age and location (%)",604.0,Peru,2010.0,21.79654,2010,,,,,Instituto Nacional de Estadística e Informática based on National Survey of Time Use 2010,,,15-24,RURAL,C,,G,FEMALE,PERCENT
5.0,5.4,5.4.1,SL_DOM_TSPD,"Proportion of time spent on unpaid domestic chores and care work, by sex, age and location (%)",604.0,Peru,2010.0,26.30845,2010,,,,,Instituto Nacional de Estadística e Informática based on National Survey of Time Use 2010,,,55-64,RURAL,C,,G,FEMALE,PERCENT
5.0,5.4,5.4.1,SL_DOM_TSPD,"Proportion of time spent on unpaid domestic chores and care work, by sex, age and location (%)",604.0,Peru,2010.0,9.7834,2010,,,,,Instituto Nacional de Estadística e Informática based on National Survey of Time Use 2010,,,55-64,ALLAREA,C,,G,MALE,PERCENT
5.0,5.4,5.4.1,SL_DOM_TSPD,"Proportion of time spent on unpaid domestic chores and care work, by sex, age and location (%)",604.0,Peru,2010.0,28.26435,2010,,,,,Instituto Nacional de Estadística e Informática based on National Survey of Time Use 2010,,,45-54,RURAL,C,,G,FEMALE,PERCENT
5.0,5.4,5.4.1,SL_DOM_TSPD,"Proportion of time spent on unpaid domestic chores and care work, by sex, age and location (%)",604.0,Peru,2010.0,23.42232,2010,,,,,Instituto Nacional de Estadística e Informática based on National Survey of Time Use 2010,,,45-54,URBAN,C,,G,FEMALE,PERCENT
5.0,5.4,5.4.1,SL_DOM_TSPD,"Proportion of time spent on unpaid domestic chores and care work, by sex, age and location (%)",604.0,Peru,2010.0,9.88473,2010,,,,,Instituto Nacional de Estadística e Informática based on National Survey of Time Use 2010,,,65+,URBAN,C,,G,MALE,PERCENT
5.0,5.4,5.4.1,SL_DOM_TSPD,"Proportion of time spent on unpaid domestic chores and care work, by sex, age and location (%)",604.0,Peru,2010.0,7.33945,2010,,,,,Instituto Nacional de Estadística e Informática based on National Survey of Time Use 2010,,,15-24,ALLAREA,C,,G,MALE,PERCENT
5.0,5.4,5.4.1,SL_DOM_TSPD,"Proportion of time spent on unpaid domestic chores and care work, by sex, age and location (%)",604.0,Peru,2010.0,20.67141,2010,,,,,Instituto Nacional de Estadística e Informática based on National Survey of Time Use 2010,,,65+,ALLAREA,C,,G,FEMALE,PERCENT
5.0,5.4,5.4.1,SL_DOM_TSPD,"Proportion of time spent on unpaid domestic chores and care work, by sex, age and location (%)",604.0,Peru,2010.0,8.83736,2010,,,,,Instituto Nacional de Estadística e Informática based on National Survey of Time Use 2010,,,12+,ALLAREA,C,,G,MALE,PERCENT
5.0,5.4,5.4.1,SL_DOM_TSPD,"Proportion of time spent on unpaid domestic chores and care work, by sex, age and location (%)",604.0,Peru,2010.0,24.43399,2010,,,,,Instituto Nacional de Estadística e Informática based on National Survey of Time Use 2010,,,55-64,ALLAREA,C,,G,FEMALE,PERCENT
5.0,5.4,5.4.1,SL_DOM_TSPD,"Proportion of time spent on unpaid domestic chores and care work, by sex, age and location (%)",604.0,Peru,2010.0,8.34672,2010,,,,,Instituto Nacional de Estadística e Informática based on National Survey of Time Use 2010,,,15+,URBAN,C,,G,MALE,PERCENT
5.0,5.4,5.4.1,SL_DOM_TSPD,"Proportion of time spent on unpaid domestic chores and care work, by sex, age and location (%)",604.0,Peru,2010.0,9.39341,2010,,,,,Instituto Nacional de Estadística e Informática based on National Survey of Time Use 2010,,,25-44,ALLAREA,C,,G,MALE,PERCENT
5.0,5.4,5.4.1,SL_DOM_TSPD,"Proportion of time spent on unpaid domestic chores and care work, by sex, age and location (%)",604.0,Peru,2010.0,27.54154,2010,,,,,Instituto Nacional de Estadística e Informática based on National Survey of Time Use 2010,,,15+,RURAL,C,,G,FEMALE,PERCENT
5.0,5.4,5.4.1,SL_DOM_TSPD,"Proportion of time spent on unpaid domestic chores and care work, by sex, age and location (%)",604.0,Peru,2010.0,10.55008,2010,,,,,Instituto Nacional de Estadística e Informática based on National Survey of Time Use 2010,,,65+,ALLAREA,C,,G,MALE,PERCENT
5.0,5.4,5.4.1,SL_DOM_TSPD,"Proportion of time spent on unpaid domestic chores and care work, by sex, age and location (%)",604.0,Peru,2010.0,19.3155,2010,,,,,Instituto Nacional de Estadística e Informática based on National Survey of Time Use 2010,,,65+,URBAN,C,,G,FEMALE,PERCENT
5.0,5.4,5.4.1,SL_DOM_TSPD,"Proportion of time spent on unpaid domestic chores and care work, by sex, age and location (%)",604.0,Peru,2010.0,11.90107,2010,,,,,Instituto Nacional de Estadística e Informática based on National Survey of Time Use 2010,,,65+,RURAL,C,,G,MALE,PERCENT
5.0,5.4,5.4.1,SL_DOM_TSPD,"Proportion of time spent on unpaid domestic chores and care work, by sex, age and location (%)",604.0,Peru,2010.0,11.59198,2010,,,,,Instituto Nacional de Estadística e Informática based on National Survey of Time Use 2010,,,45-54,RURAL,C,,G,MALE,PERCENT
5.0,5.4,5.4.1,SL_DOM_TSPD,"Proportion of time spent on unpaid domestic chores and care work, by sex, age and location (%)",604.0,Peru,2010.0,15.84091,2010,,,,,Instituto Nacional de Estadística e Informática based on National Survey of Time Use 2010,,,15-24,URBAN,C,,G,FEMALE,PERCENT
5.0,5.4,5.4.1,SL_DOM_TSPD,"Proportion of time spent on unpaid domestic chores and care work, by sex, age and location (%)",604.0,Peru,2010.0,11.32447,2010,,,,,Instituto Nacional de Estadística e Informática based on National Survey of Time Use 2010,,,55-64,RURAL,C,,G,MALE,PERCENT
5.0,5.5,5.5.2,IC_GEN_MGTL,Proportion of women in managerial positions - 13th ICLS (%),604.0,Peru,2000.0,28.1,2000,,,,,LFS - Permanent Employment Survey (Urban),,Geographical coverage: Urban areas only | Age coverage - minimum age: 14 years old,,,C,A,G,FEMALE,PERCENT
5.0,5.5,5.5.2,IC_GEN_MGTL,Proportion of women in managerial positions - 13th ICLS (%),604.0,Peru,2001.0,27.0,2001,,,,,LFS - Permanent Employment Survey (Urban),,Geographical coverage: Urban areas only | Age coverage - minimum age: 14 years old,,,C,A,G,FEMALE,PERCENT
5.0,5.5,5.5.2,IC_GEN_MGTL,Proportion of women in managerial positions - 13th ICLS (%),604.0,Peru,2002.0,23.3,2002,,,,,HS - National Household Survey,,Repository: ILO-STATISTICS - Micro data processing | Break in series: Methodology revised,,,C,A,G,FEMALE,PERCENT
5.0,5.5,5.5.2,IC_GEN_MGTL,Proportion of women in managerial positions - 13th ICLS (%),604.0,Peru,2003.0,23.3,2003,,,,,HS - National Household Survey,,Repository: ILO-STATISTICS - Micro data processing,,,C,A,G,FEMALE,PERCENT
5.0,5.5,5.5.2,IC_GEN_MGTL,Proportion of women in managerial positions - 13th ICLS (%),604.0,Peru,2004.0,25.5,2004,,,,,HS - National Household Survey,,Repository: ILO-STATISTICS - Micro data processing,,,C,A,G,FEMALE,PERCENT
5.0,5.5,5.5.2,IC_GEN_MGTL,Proportion of women in managerial positions - 13th ICLS (%),604.0,Peru,2005.0,26.1,2005,,,,,HS - National Household Survey,,Repository: ILO-STATISTICS - Micro data processing,,,C,A,G,FEMALE,PERCENT
5.0,5.5,5.5.2,IC_GEN_MGTL,Proportion of women in managerial positions - 13th ICLS (%),604.0,Peru,2006.0,28.0,2006,,,,,HS - National Household Survey,,Repository: ILO-STATISTICS - Micro data processing,,,C,A,G,FEMALE,PERCENT
5.0,5.5,5.5.2,IC_GEN_MGTL,Proportion of women in managerial positions - 13th ICLS (%),604.0,Peru,2007.0,27.3,2007,,,,,HS - National Household Survey,,Repository: ILO-STATISTICS - Micro data processing,,,C,A,G,FEMALE,PERCENT
5.0,5.5,5.5.2,IC_GEN_MGTL,Proportion of women in managerial positions - 13th ICLS (%),604.0,Peru,2008.0,19.0,2008,,,,,HS - National Household Survey,,Repository: ILO-STATISTICS - Micro data processing,,,C,A,G,FEMALE,PERCENT
5.0,5.5,5.5.2,IC_GEN_MGTL,Proportion of women in managerial positions - 13th ICLS (%),604.0,Peru,2009.0,34.9,2009,,,,,HS - National Household Survey,,Repository: ILO-STATISTICS - Micro data processing,,,C,A,G,FEMALE,PERCENT
5.0,5.5,5.5.2,IC_GEN_MGTL,Proportion of women in managerial positions - 13th ICLS (%),604.0,Peru,2010.0,27.9,2010,,,,,HS - National Household Survey,,Repository: ILO-STATISTICS - Micro data processing,,,C,A,G,FEMALE,PERCENT
5.0,5.5,5.5.2,IC_GEN_MGTL,Proportion of women in managerial positions - 13th ICLS (%),604.0,Peru,2011.0,35.9,2011,,,,,HS - National Household Survey,,Repository: ILO-STATISTICS - Micro data processing,,,C,A,G,FEMALE,PERCENT
5.0,5.5,5.5.2,IC_GEN_MGTL,Proportion of women in managerial positions - 13th ICLS (%),604.0,Peru,2012.0,29.1,2012,,,,,HS - National Household Survey,,Repository: ILO-STATISTICS - Micro data processing,,,C,A,G,FEMALE,PERCENT
5.0,5.5,5.5.2,IC_GEN_MGTL,Proportion of women in managerial positions - 13th ICLS (%),604.0,Peru,2013.0,30.8,2013,,,,,HS - National Household Survey,,Repository: ILO-STATISTICS - Micro data processing,,,C,A,G,FEMALE,PERCENT
5.0,5.5,5.5.2,IC_GEN_MGTL,Proportion of women in managerial positions - 13th ICLS (%),604.0,Peru,2014.0,24.8,2014,,,,,HS - National Household Survey,,Repository: ILO-STATISTICS - Micro data processing,,,C,A,G,FEMALE,PERCENT
5.0,5.5,5.5.2,IC_GEN_MGTL,Proportion of women in managerial positions - 13th ICLS (%),604.0,Peru,2015.0,33.3,2015,,,,,HS - National Household Survey,,Repository: ILO-STATISTICS - Micro data processing,,,C,A,G,FEMALE,PERCENT
5.0,5.5,5.5.2,IC_GEN_MGTL,Proportion of women in managerial positions - 13th ICLS (%),604.0,Peru,2016.0,32.8,2016,,,,,HS - National Household Survey,,Repository: ILO-STATISTICS - Micro data processing,,,C,A,G,FEMALE,PERCENT
5.0,5.5,5.5.2,IC_GEN_MGTL,Proportion of women in managerial positions - 13th ICLS (%),604.0,Peru,2017.0,35.6,2017,,,,,HS - National Household Survey,,Repository: ILO-STATISTICS - Micro data processing,,,C,A,G,FEMALE,PERCENT
5.0,5.5,5.5.2,IC_GEN_MGTL,Proportion of women in managerial positions - 13th ICLS (%),604.0,Peru,2018.0,28.8,2018,,,,,HS - National Household Survey,,Repository: ILO-STATISTICS - Micro data processing,,,C,A,G,FEMALE,PERCENT
5.0,5.5,5.5.2,IC_GEN_MGTL,Proportion of women in managerial positions - 13th ICLS (%),604.0,Peru,2019.0,30.3,2019,,,,,HS - National Household Survey,,Repository: ILO-STATISTICS - Micro data processing,,,C,A,G,FEMALE,PERCENT
5.0,5.5,5.5.2,IC_GEN_MGTL,Proportion of women in managerial positions - 13th ICLS (%),604.0,Peru,2020.0,34.7,2020,,,,,HS - National Household Survey,,Repository: ILO-STATISTICS - Micro data processing | Break in series: Methodology revised,,,C,A,G,FEMALE,PERCENT
5.0,5.5,5.5.2,IC_GEN_MGTL,Proportion of women in managerial positions - 13th ICLS (%),604.0,Peru,2021.0,35.4,2021,,,,,HS - National Household Survey,,Repository: ILO-STATISTICS - Micro data processing,,,C,A,G,FEMALE,PERCENT
5.0,5.5,5.5.1,SG_GEN_PARLN,Number of seats held by women in national parliaments (number),604.0,Peru,2000.0,13.0,2000,,,,,"Inter-Parliamentary Union (IPU), the database on Women in National Parliament, accessed February 1 of given year for annual data.",,Annual data as of 1 Feb of given year.,,,C,,G,FEMALE,NUMBER
5.0,5.5,5.5.1,SG_GEN_PARLN,Number of seats held by women in national parliaments (number),604.0,Peru,2001.0,24.0,2001,,,,,"Inter-Parliamentary Union (IPU), the database on Women in National Parliament, accessed February 1 of given year for annual data.",,Annual data as of 1 Feb of given year.,,,C,,G,FEMALE,NUMBER
5.0,5.5,5.5.1,SG_GEN_PARLN,Number of seats held by women in national parliaments (number),604.0,Peru,2002.0,22.0,2002,,,,,"Inter-Parliamentary Union (IPU), the database on Women in National Parliament, accessed February 1 of given year for annual data.",,Annual data as of 1 Feb of given year.,,,C,,G,FEMALE,NUMBER
5.0,5.5,5.5.1,SG_GEN_PARLN,Number of seats held by women in national parliaments (number),604.0,Peru,2003.0,22.0,2003,,,,,"Inter-Parliamentary Union (IPU), the database on Women in National Parliament, accessed February 1 of given year for annual data.",,Annual data as of 1 Feb of given year.,,,C,,G,FEMALE,NUMBER
5.0,5.5,5.5.1,SG_GEN_PARLN,Number of seats held by women in national parliaments (number),604.0,Peru,2004.0,22.0,2004,,,,,"Inter-Parliamentary Union (IPU), the database on Women in National Parliament, accessed February 1 of given year for annual data.",,Annual data as of 1 Feb of given year.,,,C,,G,FEMALE,NUMBER
5.0,5.5,5.5.1,SG_GEN_PARLN,Number of seats held by women in national parliaments (number),604.0,Peru,2005.0,22.0,2005,,,,,"Inter-Parliamentary Union (IPU), the database on Women in National Parliament, accessed February 1 of given year for annual data.",,Annual data as of 1 Feb of given year.,,,C,,G,FEMALE,NUMBER
5.0,5.5,5.5.1,SG_GEN_PARLN,Number of seats held by women in national parliaments (number),604.0,Peru,2006.0,22.0,2006,,,,,"Inter-Parliamentary Union (IPU), the database on Women in National Parliament, accessed February 1 of given year for annual data.",,Annual data as of 1 Feb of given year.,,,C,,G,FEMALE,NUMBER
5.0,5.5,5.5.1,SG_GEN_PARLN,Number of seats held by women in national parliaments (number),604.0,Peru,2007.0,35.0,2007,,,,,"Inter-Parliamentary Union (IPU), the database on Women in National Parliament, accessed February 1 of given year for annual data.",,Annual data as of 1 Feb of given year.,,,C,,G,FEMALE,NUMBER
5.0,5.5,5.5.1,SG_GEN_PARLN,Number of seats held by women in national parliaments (number),604.0,Peru,2008.0,35.0,2008,,,,,"Inter-Parliamentary Union (IPU), the database on Women in National Parliament, accessed February 1 of given year for annual data.",,Annual data as of 1 Feb of given year.,,,C,,G,FEMALE,NUMBER
5.0,5.5,5.5.1,SG_GEN_PARLN,Number of seats held by women in national parliaments (number),604.0,Peru,2009.0,35.0,2009,,,,,"Inter-Parliamentary Union (IPU), the database on Women in National Parliament, accessed February 1 of given year for annual data.",,Annual data as of 1 Feb of given year.,,,C,,G,FEMALE,NUMBER
5.0,5.5,5.5.1,SG_GEN_PARLN,Number of seats held by women in national parliaments (number),604.0,Peru,2010.0,33.0,2010,,,,,"Inter-Parliamentary Union (IPU), the database on Women in National Parliament, accessed February 1 of given year for annual data.",,Annual data as of 1 Feb of given year.,,,C,,G,FEMALE,NUMBER
5.0,5.5,5.5.1,SG_GEN_PARLN,Number of seats held by women in national parliaments (number),604.0,Peru,2011.0,33.0,2011,,,,,"Inter-Parliamentary Union (IPU), the database on Women in National Parliament, accessed February 1 of given year for annual data.",,Annual data as of 1 Feb of given year.,,,C,,G,FEMALE,NUMBER
5.0,5.5,5.5.1,SG_GEN_PARLN,Number of seats held by women in national parliaments (number),604.0,Peru,2012.0,28.0,2012,,,,,"Inter-Parliamentary Union (IPU), the database on Women in National Parliament, accessed February 1 of given year for annual data.",,Annual data as of 1 Feb of given year.,,,C,,G,FEMALE,NUMBER
5.0,5.5,5.5.1,SG_GEN_PARLN,Number of seats held by women in national parliaments (number),604.0,Peru,2013.0,28.0,2013,,,,,"Inter-Parliamentary Union (IPU), the database on Women in National Parliament, accessed February 1 of given year for annual data.",,Annual data as of 1 Feb of given year.,,,C,,G,FEMALE,NUMBER
5.0,5.5,5.5.1,SG_GEN_PARLN,Number of seats held by women in national parliaments (number),604.0,Peru,2014.0,29.0,2014,,,,,"Inter-Parliamentary Union (IPU), the database on Women in National Parliament, accessed February 1 of given year for annual data.",,Annual data as of 1 Feb of given year.,,,C,,G,FEMALE,NUMBER
5.0,5.5,5.5.1,SG_GEN_PARLN,Number of seats held by women in national parliaments (number),604.0,Peru,2015.0,29.0,2015,,,,,"Inter-Parliamentary Union (IPU), the database on Women in National Parliament, accessed February 1 of given year for annual data.",,Annual data as of 1 Feb of given year.,,,C,,G,FEMALE,NUMBER
5.0,5.5,5.5.1,SG_GEN_PARLN,Number of seats held by women in national parliaments (number),604.0,Peru,2016.0,29.0,2016,,,,,"Inter-Parliamentary Union (IPU), the database on Women in National Parliament, accessed February 1 of given year for annual data.",,Annual data as of 1 Feb of given year.,,,C,,G,FEMALE,NUMBER
5.0,5.5,5.5.1,SG_GEN_PARLN,Number of seats held by women in national parliaments (number),604.0,Peru,2017.0,36.0,2017,,,,,"Inter-Parliamentary Union (IPU), the database on Women in National Parliament, accessed February 1 of given year for annual data.",,Annual data as of 1 Feb of given year.,,,C,,G,FEMALE,NUMBER
5.0,5.5,5.5.1,SG_GEN_PARLN,Number of seats held by women in national parliaments (number),604.0,Peru,2018.0,36.0,2018,,,,,"Inter-Parliamentary Union (IPU), the database on Women in National Parliament, accessed February 1 of given year for annual data.",,Annual data as of 1 Feb of given year.,,,C,,G,FEMALE,NUMBER
5.0,5.5,5.5.1,SG_GEN_PARLN,Number of seats held by women in national parliaments (number),604.0,Peru,2019.0,39.0,2019,,,,,"Inter-Parliamentary Union (IPU), the database on Women in National Parliament, accessed February 1 of given year for annual data.",,Annual data as of 1 Feb of given year.,,,C,,G,FEMALE,NUMBER
5.0,5.5,5.5.1,SG_GEN_PARLN,Number of seats held by women in national parliaments (number),604.0,Peru,2020.0,39.0,2020,,,,,"Inter-Parliamentary Union (IPU), the database on Women in National Parliament, accessed Jan 1 of given year for annual data.",,Data are as at 1 January of reporting year | single or lower chambers of national parliaments. | The figures correspond to the situation prior to the dissolution of Parliament in September 2019. New elections were held in January 2020 (final results are s,,,C,,G,FEMALE,NUMBER
5.0,5.5,5.5.1,SG_GEN_PARLN,Number of seats held by women in national parliaments (number),604.0,Peru,2021.0,34.0,2021,,,,,"Inter-Parliamentary Union (IPU), Parline Database",,"Lower Chamber or Unicameral, Data valid as of 1 Jan of given year, figures correspond to the number of seats filled in parliament at the given time.",,,C,,G,FEMALE,NUMBER
5.0,5.5,5.5.1,SG_GEN_PARLN,Number of seats held by women in national parliaments (number),604.0,Peru,2022.0,52.0,2022,,,,,"Inter-Parliamentary Union (IPU), Parline Database",,"Lower Chamber or Unicameral, Data valid as of 1 Jan of given year, figures correspond to the number of seats filled in parliament at the given time.",,,C,,G,FEMALE,NUMBER
5.0,5.5,5.5.1,SG_GEN_PARLN,Number of seats held by women in national parliaments (number),604.0,Peru,2023.0,50.0,2023,,,,,"Inter-Parliamentary Union (IPU), Parline Database",,"Lower Chamber or Unicameral, Data valid as of 1 Jan of given year, figures correspond to the number of seats filled in parliament at the given time.",,,C,,G,FEMALE,NUMBER
5.0,5.5,5.5.1,SG_GEN_PARLNT,Current number of seats in national parliaments (number),604.0,Peru,2021.0,130.0,2021,,,,,"Inter-Parliamentary Union (IPU), Parline Database",,"Unicameral: (Congress of the Republic), Data valid as of 1 Jan of given year",,,C,,G,BOTHSEX,NUMBER
5.0,5.5,5.5.1,SG_GEN_PARLNT,Current number of seats in national parliaments (number),604.0,Peru,2022.0,130.0,2022,,,,,"Inter-Parliamentary Union (IPU), Parline Database",,"Unicameral: (Congress of the Republic), Data valid as of 1 Jan of given year",,,C,,G,BOTHSEX,NUMBER
5.0,5.5,5.5.1,SG_GEN_PARLNT,Current number of seats in national parliaments (number),604.0,Peru,2023.0,129.0,2023,,,,,"Inter-Parliamentary Union (IPU), Parline Database",,"Unicameral: (Congress of the Republic), Data valid as of 1 Jan of given year",,,C,,G,BOTHSEX,NUMBER
5.0,5.5,5.5.1,SG_GEN_PARL,Proportion of seats held by women in national parliaments (% of total number of seats),604.0,Peru,2000.0,10.83,2000,,,,,"Inter-Parliamentary Union (IPU), the database on Women in National Parliament, accessed February 1 of given year for annual data.",,Annual data as of 1 Feb of given year.,,,C,,G,FEMALE,PERCENT
5.0,5.5,5.5.1,SG_GEN_PARL,Proportion of seats held by women in national parliaments (% of total number of seats),604.0,Peru,2001.0,20.0,2001,,,,,"Inter-Parliamentary Union (IPU), the database on Women in National Parliament, accessed February 1 of given year for annual data.",,Annual data as of 1 Feb of given year.,,,C,,G,FEMALE,PERCENT
5.0,5.5,5.5.1,SG_GEN_PARL,Proportion of seats held by women in national parliaments (% of total number of seats),604.0,Peru,2002.0,18.33,2002,,,,,"Inter-Parliamentary Union (IPU), the database on Women in National Parliament, accessed February 1 of given year for annual data.",,Annual data as of 1 Feb of given year.,,,C,,G,FEMALE,PERCENT
5.0,5.5,5.5.1,SG_GEN_PARL,Proportion of seats held by women in national parliaments (% of total number of seats),604.0,Peru,2003.0,18.33,2003,,,,,"Inter-Parliamentary Union (IPU), the database on Women in National Parliament, accessed February 1 of given year for annual data.",,Annual data as of 1 Feb of given year.,,,C,,G,FEMALE,PERCENT
5.0,5.5,5.5.1,SG_GEN_PARL,Proportion of seats held by women in national parliaments (% of total number of seats),604.0,Peru,2004.0,18.33,2004,,,,,"Inter-Parliamentary Union (IPU), the database on Women in National Parliament, accessed February 1 of given year for annual data.",,Annual data as of 1 Feb of given year.,,,C,,G,FEMALE,PERCENT
5.0,5.5,5.5.1,SG_GEN_PARL,Proportion of seats held by women in national parliaments (% of total number of seats),604.0,Peru,2005.0,18.33,2005,,,,,"Inter-Parliamentary Union (IPU), the database on Women in National Parliament, accessed February 1 of given year for annual data.",,Annual data as of 1 Feb of given year.,,,C,,G,FEMALE,PERCENT
5.0,5.5,5.5.1,SG_GEN_PARL,Proportion of seats held by women in national parliaments (% of total number of seats),604.0,Peru,2006.0,18.33,2006,,,,,"Inter-Parliamentary Union (IPU), the database on Women in National Parliament, accessed February 1 of given year for annual data.",,Annual data as of 1 Feb of given year.,,,C,,G,FEMALE,PERCENT
5.0,5.5,5.5.1,SG_GEN_PARL,Proportion of seats held by women in national parliaments (% of total number of seats),604.0,Peru,2007.0,29.17,2007,,,,,"Inter-Parliamentary Union (IPU), the database on Women in National Parliament, accessed February 1 of given year for annual data.",,Annual data as of 1 Feb of given year.,,,C,,G,FEMALE,PERCENT
5.0,5.5,5.5.1,SG_GEN_PARL,Proportion of seats held by women in national parliaments (% of total number of seats),604.0,Peru,2008.0,29.17,2008,,,,,"Inter-Parliamentary Union (IPU), the database on Women in National Parliament, accessed February 1 of given year for annual data.",,Annual data as of 1 Feb of given year.,,,C,,G,FEMALE,PERCENT
5.0,5.5,5.5.1,SG_GEN_PARL,Proportion of seats held by women in national parliaments (% of total number of seats),604.0,Peru,2009.0,29.17,2009,,,,,"Inter-Parliamentary Union (IPU), the database on Women in National Parliament, accessed February 1 of given year for annual data.",,Annual data as of 1 Feb of given year.,,,C,,G,FEMALE,PERCENT
5.0,5.5,5.5.1,SG_GEN_PARL,Proportion of seats held by women in national parliaments (% of total number of seats),604.0,Peru,2010.0,27.5,2010,,,,,"Inter-Parliamentary Union (IPU), the database on Women in National Parliament, accessed February 1 of given year for annual data.",,Annual data as of 1 Feb of given year.,,,C,,G,FEMALE,PERCENT
5.0,5.5,5.5.1,SG_GEN_PARL,Proportion of seats held by women in national parliaments (% of total number of seats),604.0,Peru,2011.0,27.5,2011,,,,,"Inter-Parliamentary Union (IPU), the database on Women in National Parliament, accessed February 1 of given year for annual data.",,Annual data as of 1 Feb of given year.,,,C,,G,FEMALE,PERCENT
5.0,5.5,5.5.1,SG_GEN_PARL,Proportion of seats held by women in national parliaments (% of total number of seats),604.0,Peru,2012.0,21.54,2012,,,,,"Inter-Parliamentary Union (IPU), the database on Women in National Parliament, accessed February 1 of given year for annual data.",,Annual data as of 1 Feb of given year.,,,C,,G,FEMALE,PERCENT
5.0,5.5,5.5.1,SG_GEN_PARL,Proportion of seats held by women in national parliaments (% of total number of seats),604.0,Peru,2013.0,21.54,2013,,,,,"Inter-Parliamentary Union (IPU), the database on Women in National Parliament, accessed February 1 of given year for annual data.",,Annual data as of 1 Feb of given year.,,,C,,G,FEMALE,PERCENT
5.0,5.5,5.5.1,SG_GEN_PARL,Proportion of seats held by women in national parliaments (% of total number of seats),604.0,Peru,2014.0,22.31,2014,,,,,"Inter-Parliamentary Union (IPU), the database on Women in National Parliament, accessed February 1 of given year for annual data.",,Annual data as of 1 Feb of given year.,,,C,,G,FEMALE,PERCENT
5.0,5.5,5.5.1,SG_GEN_PARL,Proportion of seats held by women in national parliaments (% of total number of seats),604.0,Peru,2015.0,22.31,2015,,,,,"Inter-Parliamentary Union (IPU), the database on Women in National Parliament, accessed February 1 of given year for annual data.",,Annual data as of 1 Feb of given year.,,,C,,G,FEMALE,PERCENT
5.0,5.5,5.5.1,SG_GEN_PARL,Proportion of seats held by women in national parliaments (% of total number of seats),604.0,Peru,2016.0,22.31,2016,,,,,"Inter-Parliamentary Union (IPU), the database on Women in National Parliament, accessed February 1 of given year for annual data.",,Annual data as of 1 Feb of given year.,,,C,,G,FEMALE,PERCENT
5.0,5.5,5.5.1,SG_GEN_PARL,Proportion of seats held by women in national parliaments (% of total number of seats),604.0,Peru,2017.0,27.69,2017,,,,,"Inter-Parliamentary Union (IPU), the database on Women in National Parliament, accessed February 1 of given year for annual data.",,Annual data as of 1 Feb of given year.,,,C,,G,FEMALE,PERCENT
5.0,5.5,5.5.1,SG_GEN_PARL,Proportion of seats held by women in national parliaments (% of total number of seats),604.0,Peru,2018.0,27.69,2018,,,,,"Inter-Parliamentary Union (IPU), the database on Women in National Parliament, accessed February 1 of given year for annual data.",,Annual data as of 1 Feb of given year.,,,C,,G,FEMALE,PERCENT
5.0,5.5,5.5.1,SG_GEN_PARL,Proportion of seats held by women in national parliaments (% of total number of seats),604.0,Peru,2019.0,30.0,2019,,,,,"Inter-Parliamentary Union (IPU), the database on Women in National Parliament, accessed February 1 of given year for annual data.",,Annual data as of 1 Feb of given year.,,,C,,G,FEMALE,PERCENT
5.0,5.5,5.5.1,SG_GEN_PARL,Proportion of seats held by women in national parliaments (% of total number of seats),604.0,Peru,2020.0,30.0,2020,,,,,"Inter-Parliamentary Union (IPU), the database on Women in National Parliament, accessed January 1 of given year for annual data.",,Data are as at 1 January of reporting year | single or lower chambers of national parliaments. | The figures correspond to the situation prior to the dissolution of Parliament in September 2019. New elections were held in January 2020 (final results are s,,,C,,G,FEMALE,PERCENT
5.0,5.5,5.5.1,SG_GEN_PARL,Proportion of seats held by women in national parliaments (% of total number of seats),604.0,Peru,2021.0,26.15,2021,,,,,"Inter-Parliamentary Union (IPU), Parline Database",,"Lower Chamber or Unicameral, Data valid as of 1 Jan of given year based on the number of seats filled in parliament at the time",,,C,,G,FEMALE,PERCENT
5.0,5.5,5.5.1,SG_GEN_PARL,Proportion of seats held by women in national parliaments (% of total number of seats),604.0,Peru,2022.0,40.0,2022,,,,,"Inter-Parliamentary Union (IPU), Parline Database",,"Lower Chamber or Unicameral, Data valid as of 1 Jan of given year based on the number of seats filled in parliament at the time",,,C,,G,FEMALE,PERCENT
5.0,5.5,5.5.1,SG_GEN_PARL,Proportion of seats held by women in national parliaments (% of total number of seats),604.0,Peru,2023.0,38.76,2023,,,,,"Inter-Parliamentary Union (IPU), Parline Database",,"Lower Chamber or Unicameral, Data valid as of 1 Jan of given year based on the number of seats filled in parliament at the time",,,C,,G,FEMALE,PERCENT
5.0,5.5,5.5.1,SG_GEN_LOCGELS,Proportion of elected seats held by women in deliberative bodies of local government (%),604.0,Peru,2019.0,26.2,2019,,,,,Compiled by ECLAC Division for Gender Affairs and UN Women,,Administrative data on most recent election results (2018).,,,C,,G,FEMALE,PERCENT
5.0,5.6,5.6.2,SH_LGR_ACSRHE,"Extent to which countries have laws and regulations that guarantee full and equal access to women and men aged 15 years and older to sexual and reproductive health care, information and education (%)",604.0,Peru,2022.0,85.0,2022,,,,,"United Nations Population Fund, global databases, 2022. Based on official responses to the United Nations 13th Inquiry among Governments on Population and Development. ",,,,,C,,G,,PERCENT
5.0,5.6,5.6.2,SH_LGR_ACSRHEC1,"(S.1.C.1) Extent to which countries have laws and regulations that guarantee full and equal access to women and men aged 15 years and older to sexual and reproductive health care, information and education: Component 1: Maternity Care (%)",604.0,Peru,2022.0,100.0,2022,,,,,"United Nations Population Fund, global databases, 2022. Based on official responses to the United Nations 13th Inquiry among Governments on Population and Development. ",,,,,C,,G,,PERCENT
5.0,5.6,5.6.2,SH_LGR_ACSRHEC10,"(S.4.C.10) Extent to which countries have laws and regulations that guarantee full and equal access to women and men aged 15 years and older to sexual and reproductive health care, information and education: Component 10: HIV Counselling and Test Services",604.0,Peru,2022.0,100.0,2022,,,,,"United Nations Population Fund, global databases, 2022. Based on official responses to the United Nations 13th Inquiry among Governments on Population and Development. ",,,,,C,,G,,PERCENT
5.0,5.6,5.6.2,SH_LGR_ACSRHEC11,"(S.4.C.11) Extent to which countries have laws and regulations that guarantee full and equal access to women and men aged 15 years and older to sexual and reproductive health care, information and education: Component 11: HIV Treatment and Care Services (%)",604.0,Peru,2022.0,100.0,2022,,,,,"United Nations Population Fund, global databases, 2022. Based on official responses to the United Nations 13th Inquiry among Governments on Population and Development. ",,,,,C,,G,,PERCENT
5.0,5.6,5.6.2,SH_LGR_ACSRHEC12,"(S.4.C.12) Extent to which countries have laws and regulations that guarantee full and equal access to women and men aged 15 years and older to sexual and reproductive health care, information and education: Component 12: HIV Confidentiality (%)",604.0,Peru,2022.0,100.0,2022,,,,,"United Nations Population Fund, global databases, 2022. Based on official responses to the United Nations 13th Inquiry among Governments on Population and Development. ",,,,,C,,G,,PERCENT
5.0,5.6,5.6.2,SH_LGR_ACSRHEC13,"(S.4.C.13) Extent to which countries have laws and regulations that guarantee full and equal access to women and men aged 15 years and older to sexual and reproductive health care, information and education: Component 13: HPV Vaccine (%)",604.0,Peru,2022.0,100.0,2022,,,,,"United Nations Population Fund, global databases, 2022. Based on official responses to the United Nations 13th Inquiry among Governments on Population and Development. ",,,,,C,,G,,PERCENT
5.0,5.6,5.6.2,SH_LGR_ACSRHEC2,"(S.1.C.2) Extent to which countries have laws and regulations that guarantee full and equal access to women and men aged 15 years and older to sexual and reproductive health care, information and education: Component 2: Life Saving Commodities (%)",604.0,Peru,2022.0,100.0,2022,,,,,"United Nations Population Fund, global databases, 2022. Based on official responses to the United Nations 13th Inquiry among Governments on Population and Development. ",,,,,C,,G,,PERCENT
5.0,5.6,5.6.2,SH_LGR_ACSRHEC3,"(S.1.C.3) Extent to which countries have laws and regulations that guarantee full and equal access to women and men aged 15 years and older to sexual and reproductive health care, information and education: Component 3: Abortion",604.0,Peru,2022.0,25.0,2022,,,,,"United Nations Population Fund, global databases, 2022. Based on official responses to the United Nations 13th Inquiry among Governments on Population and Development. ",,,,,C,,G,,PERCENT
5.0,5.6,5.6.2,SH_LGR_ACSRHEC4,"(S.1.C.4) Extent to which countries have laws and regulations that guarantee full and equal access to women and men aged 15 years and older to sexual and reproductive health care, information and education: Component 4: Post-Abortion Care (%)",604.0,Peru,2022.0,0.0,2022,,,,,"United Nations Population Fund, global databases, 2022. Based on official responses to the United Nations 13th Inquiry among Governments on Population and Development. ",,,,,C,,G,,PERCENT
5.0,5.6,5.6.2,SH_LGR_ACSRHEC5,"(S.2.C.5) Extent to which countries have laws and regulations that guarantee full and equal access to women and men aged 15 years and older to sexual and reproductive health care, information and education: Component 5: Contraceptive Services (%)",604.0,Peru,2022.0,80.0,2022,,,,,"United Nations Population Fund, global databases, 2022. Based on official responses to the United Nations 13th Inquiry among Governments on Population and Development. ",,,,,C,,G,,PERCENT
5.0,5.6,5.6.2,SH_LGR_ACSRHEC6,"(S.2.C.6) Extent to which countries have laws and regulations that guarantee full and equal access to women and men aged 15 years and older to sexual and reproductive health care, information and education: Component 6: Contraceptive Consent (%)",604.0,Peru,2022.0,100.0,2022,,,,,"United Nations Population Fund, global databases, 2022. Based on official responses to the United Nations 13th Inquiry among Governments on Population and Development. ",,,,,C,,G,,PERCENT
5.0,5.6,5.6.2,SH_LGR_ACSRHEC7,"(S.2.C.7) Extent to which countries have laws and regulations that guarantee full and equal access to women and men aged 15 years and older to sexual and reproductive health care, information and education: Component 7: Emergency Contraception (%)",604.0,Peru,2022.0,100.0,2022,,,,,"United Nations Population Fund, global databases, 2022. Based on official responses to the United Nations 13th Inquiry among Governments on Population and Development. ",,,,,C,,G,,PERCENT
5.0,5.6,5.6.2,SH_LGR_ACSRHEC8,"(S.3.C.8) Extent to which countries have laws and regulations that guarantee full and equal access to women and men aged 15 years and older to sexual and reproductive health care, information and education: Component 8: Sexuality Education Curriculum Laws (%)",604.0,Peru,2022.0,100.0,2022,,,,,"United Nations Population Fund, global databases, 2022. Based on official responses to the United Nations 13th Inquiry among Governments on Population and Development. ",,,,,C,,G,,PERCENT
5.0,5.6,5.6.2,SH_LGR_ACSRHEC9,"(S.3.C.9) Extent to which countries have laws and regulations that guarantee full and equal access to women and men aged 15 years and older to sexual and reproductive health care, information and education: Component 9: Sexuality Education Curriculum Topics (%)",604.0,Peru,2022.0,100.0,2022,,,,,"United Nations Population Fund, global databases, 2022. Based on official responses to the United Nations 13th Inquiry among Governments on Population and Development. ",,,,,C,,G,,PERCENT
5.0,5.6,5.6.2,SH_LGR_ACSRHES1,"(S.1) Extent to which countries have laws and regulations that guarantee full and equal access to women and men aged 15 years and older to sexual and reproductive health care, information and education: Section 1: Maternity Care (%)",604.0,Peru,2022.0,56.0,2022,,,,,"United Nations Population Fund, global databases, 2022. Based on official responses to the United Nations 13th Inquiry among Governments on Population and Development. ",,,,,C,,G,,PERCENT
5.0,5.6,5.6.2,SH_LGR_ACSRHES2,"(S.2) Extent to which countries have laws and regulations that guarantee full and equal access to women and men aged 15 years and older to sexual and reproductive health care, information and education: Section 2: Contraceptive and Family Planning (%)",604.0,Peru,2022.0,93.0,2022,,,,,"United Nations Population Fund, global databases, 2022. Based on official responses to the United Nations 13th Inquiry among Governments on Population and Development. ",,,,,C,,G,,PERCENT
5.0,5.6,5.6.2,SH_LGR_ACSRHES3,"(S.3) Extent to which countries have laws and regulations that guarantee full and equal access to women and men aged 15 years and older to sexual and reproductive health care, information and education: Section 3: Sexuality Education (%)",604.0,Peru,2022.0,100.0,2022,,,,,"United Nations Population Fund, global databases, 2022. Based on official responses to the United Nations 13th Inquiry among Governments on Population and Development. ",,,,,C,,G,,PERCENT
5.0,5.6,5.6.2,SH_LGR_ACSRHES4,"(S.4) Extent to which countries have laws and regulations that guarantee full and equal access to women and men aged 15 years and older to sexual and reproductive health care, information and education: Section 4: HIV and HPV (%)",604.0,Peru,2022.0,100.0,2022,,,,,"United Nations Population Fund, global databases, 2022. Based on official responses to the United Nations 13th Inquiry among Governments on Population and Development. ",,,,,C,,G,,PERCENT
5.0,5.a,5.a.1,SP_LGL_LNDAGSEC,"Proportion of people with ownership or secure rights over agricultural land (out of total agricultural population), by sex (%)",604.0,Peru,2014.0,19.0,2014,,,,,Encuesta Nacional Agropecuaria,,The estimate is produced combining the information on having a document for the parcel and the sex of the holder.,,,C,A,G,MALE,PERCENT
5.0,5.a,5.a.1,SP_LGL_LNDAGSEC,"Proportion of people with ownership or secure rights over agricultural land (out of total agricultural population), by sex (%)",604.0,Peru,2014.0,8.2,2014,,,,,Encuesta Nacional Agropecuaria,,The estimate is produced combining the information on having a document for the parcel and the sex of the holder.,,,C,A,G,FEMALE,PERCENT
5.0,5.a,5.a.1,SP_LGL_LNDAGSEC,"Proportion of people with ownership or secure rights over agricultural land (out of total agricultural population), by sex (%)",604.0,Peru,2014.0,13.6,2014,,,,,Encuesta Nacional Agropecuaria,,The estimate is produced combining the information on having a document for the parcel and the sex of the holder.,,,C,A,G,BOTHSEX,PERCENT
5.0,5.a,5.a.1,SP_LGL_LNDAGSEC,"Proportion of people with ownership or secure rights over agricultural land (out of total agricultural population), by sex (%)",604.0,Peru,2015.0,8.4,2015,,,,,Encuesta Nacional Agropecuaria,,The estimate is produced combining the information on having a document for the parcel and the sex of the holder.,,,C,A,G,FEMALE,PERCENT
5.0,5.a,5.a.1,SP_LGL_LNDAGSEC,"Proportion of people with ownership or secure rights over agricultural land (out of total agricultural population), by sex (%)",604.0,Peru,2015.0,19.2,2015,,,,,Encuesta Nacional Agropecuaria,,The estimate is produced combining the information on having a document for the parcel and the sex of the holder.,,,C,A,G,MALE,PERCENT
5.0,5.a,5.a.1,SP_LGL_LNDAGSEC,"Proportion of people with ownership or secure rights over agricultural land (out of total agricultural population), by sex (%)",604.0,Peru,2015.0,13.8,2015,,,,,Encuesta Nacional Agropecuaria,,The estimate is produced combining the information on having a document for the parcel and the sex of the holder.,,,C,A,G,BOTHSEX,PERCENT
5.0,5.a,5.a.1,SP_LGL_LNDAGSEC,"Proportion of people with ownership or secure rights over agricultural land (out of total agricultural population), by sex (%)",604.0,Peru,2016.0,7.7,2016,,,,,Encuesta Nacional Agropecuaria,,The estimate is produced combining the information on having a document for the parcel and the sex of the holder.,,,C,A,G,FEMALE,PERCENT
5.0,5.a,5.a.1,SP_LGL_LNDAGSEC,"Proportion of people with ownership or secure rights over agricultural land (out of total agricultural population), by sex (%)",604.0,Peru,2016.0,18.4,2016,,,,,Encuesta Nacional Agropecuaria,,The estimate is produced combining the information on having a document for the parcel and the sex of the holder.,,,C,A,G,MALE,PERCENT
5.0,5.a,5.a.1,SP_LGL_LNDAGSEC,"Proportion of people with ownership or secure rights over agricultural land (out of total agricultural population), by sex (%)",604.0,Peru,2016.0,13.1,2016,,,,,Encuesta Nacional Agropecuaria,,The estimate is produced combining the information on having a document for the parcel and the sex of the holder.,,,C,A,G,BOTHSEX,PERCENT
5.0,5.a,5.a.1,SP_LGL_LNDAGSEC,"Proportion of people with ownership or secure rights over agricultural land (out of total agricultural population), by sex (%)",604.0,Peru,2017.0,18.8,2017,,,,,Encuesta Nacional Agropecuaria,,The estimate is produced combining the information on having a document for the parcel and the sex of the holder.,,,C,A,G,MALE,PERCENT
5.0,5.a,5.a.1,SP_LGL_LNDAGSEC,"Proportion of people with ownership or secure rights over agricultural land (out of total agricultural population), by sex (%)",604.0,Peru,2017.0,13.4,2017,,,,,Encuesta Nacional Agropecuaria,,The estimate is produced combining the information on having a document for the parcel and the sex of the holder.,,,C,A,G,BOTHSEX,PERCENT
5.0,5.a,5.a.1,SP_LGL_LNDAGSEC,"Proportion of people with ownership or secure rights over agricultural land (out of total agricultural population), by sex (%)",604.0,Peru,2017.0,7.9,2017,,,,,Encuesta Nacional Agropecuaria,,The estimate is produced combining the information on having a document for the parcel and the sex of the holder.,,,C,A,G,FEMALE,PERCENT
5.0,5.a,5.a.1,SP_LGL_LNDAGSEC,"Proportion of people with ownership or secure rights over agricultural land (out of total agricultural population), by sex (%)",604.0,Peru,2018.0,8.0,2018,,,,,Encuesta Nacional Agropecuaria,,The estimate is produced combining the information on having a document for the parcel and the sex of the holder.,,,C,A,G,FEMALE,PERCENT
5.0,5.a,5.a.1,SP_LGL_LNDAGSEC,"Proportion of people with ownership or secure rights over agricultural land (out of total agricultural population), by sex (%)",604.0,Peru,2018.0,13.3,2018,,,,,Encuesta Nacional Agropecuaria,,The estimate is produced combining the information on having a document for the parcel and the sex of the holder.,,,C,A,G,BOTHSEX,PERCENT
5.0,5.a,5.a.1,SP_LGL_LNDAGSEC,"Proportion of people with ownership or secure rights over agricultural land (out of total agricultural population), by sex (%)",604.0,Peru,2018.0,18.6,2018,,,,,Encuesta Nacional Agropecuaria,,The estimate is produced combining the information on having a document for the parcel and the sex of the holder.,,,C,A,G,MALE,PERCENT
5.0,5.a,5.a.1,SP_LGL_LNDAGSEC,"Proportion of people with ownership or secure rights over agricultural land (out of total agricultural population), by sex (%)",604.0,Peru,2019.0,7.5,2019,,,,,Encuesta Nacional Agropecuaria,,The estimate is produced combining the information on having a document for the parcel and the sex of the holder.,,,C,A,G,FEMALE,PERCENT
5.0,5.a,5.a.1,SP_LGL_LNDAGSEC,"Proportion of people with ownership or secure rights over agricultural land (out of total agricultural population), by sex (%)",604.0,Peru,2019.0,18.0,2019,,,,,Encuesta Nacional Agropecuaria,,The estimate is produced combining the information on having a document for the parcel and the sex of the holder.,,,C,A,G,MALE,PERCENT
5.0,5.a,5.a.1,SP_LGL_LNDAGSEC,"Proportion of people with ownership or secure rights over agricultural land (out of total agricultural population), by sex (%)",604.0,Peru,2019.0,12.8,2019,,,,,Encuesta Nacional Agropecuaria,,The estimate is produced combining the information on having a document for the parcel and the sex of the holder.,,,C,A,G,BOTHSEX,PERCENT
5.0,5.a,5.a.1,SP_GNP_WNOWNS,"Share of women among owners or rights-bearers of agricultural land, by type of tenure (%)",604.0,Peru,2014.0,29.9,2014,,,,,Encuesta Nacional Agropecuaria,,The estimate is produced combining the information on having a document for the parcel and the sex of the holder.,,,C,A,G,,PERCENT
5.0,5.a,5.a.1,SP_GNP_WNOWNS,"Share of women among owners or rights-bearers of agricultural land, by type of tenure (%)",604.0,Peru,2015.0,30.0,2015,,,,,Encuesta Nacional Agropecuaria,,The estimate is produced combining the information on having a document for the parcel and the sex of the holder.,,,C,A,G,,PERCENT
5.0,5.a,5.a.1,SP_GNP_WNOWNS,"Share of women among owners or rights-bearers of agricultural land, by type of tenure (%)",604.0,Peru,2016.0,29.2,2016,,,,,Encuesta Nacional Agropecuaria,,The estimate is produced combining the information on having a document for the parcel and the sex of the holder.,,,C,A,G,,PERCENT
5.0,5.a,5.a.1,SP_GNP_WNOWNS,"Share of women among owners or rights-bearers of agricultural land, by type of tenure (%)",604.0,Peru,2017.0,29.6,2017,,,,,Encuesta Nacional Agropecuaria,,The estimate is produced combining the information on having a document for the parcel and the sex of the holder.,,,C,A,G,,PERCENT
5.0,5.a,5.a.1,SP_GNP_WNOWNS,"Share of women among owners or rights-bearers of agricultural land, by type of tenure (%)",604.0,Peru,2018.0,29.8,2018,,,,,Encuesta Nacional Agropecuaria,,The estimate is produced combining the information on having a document for the parcel and the sex of the holder.,,,C,A,G,,PERCENT
5.0,5.a,5.a.1,SP_GNP_WNOWNS,"Share of women among owners or rights-bearers of agricultural land, by type of tenure (%)",604.0,Peru,2019.0,29.4,2019,,,,,Encuesta Nacional Agropecuaria,,The estimate is produced combining the information on having a document for the parcel and the sex of the holder.,,,C,A,G,,PERCENT
5.0,5.a,5.a.2,SG_LGL_LNDFEMOD,Degree to which the legal framework (including customary law) guarantees women’s equal rights to land ownership and/or control (1=No evidence to 6=Highest levels of guarantees),604.0,Peru,2019.0,,2019,,,,,,,NaN = A figure was not provided,,,,O,G,,SCORE
5.0,5.a,5.a.2,SG_LGL_LNDFEMOD,Degree to which the legal framework (including customary law) guarantees women’s equal rights to land ownership and/or control (1=No evidence to 6=Highest levels of guarantees),604.0,Peru,2020.0,5.0,2020,,,,,Ministerio de la Mujer y Poblaciones Vulnerables,,Score 1-6:  1=No evidence of guarantees of gender equality in land ownership and/or control in the legal framework. 6=Highest levels of guarantees of gender equality in land ownership and/or control in the legal framework,,,C,A,G,,SCORE
5.0,5.a,5.a.2,SG_LGL_LNDFEMOD,Degree to which the legal framework (including customary law) guarantees women’s equal rights to land ownership and/or control (1=No evidence to 6=Highest levels of guarantees),604.0,Peru,2021.0,,2021,,,,,,,NaN = A figure was not provided,,,,O,G,,SCORE
5.0,5.a,5.a.2,SG_LGL_LNDFEMOD,Degree to which the legal framework (including customary law) guarantees women’s equal rights to land ownership and/or control (1=No evidence to 6=Highest levels of guarantees),604.0,Peru,2022.0,,2022,,,,,,,NaN = A figure was not provided,,,,O,G,,SCORE
5.0,5.b,5.b.1,IT_MOB_OWN,"Proportion of individuals who own a mobile telephone, by sex (%)",604.0,Peru,2017.0,79.15835,2017,,,,,Instituto Nacional de Estadistica e Informatica,,,,,C,,G,BOTHSEX,PERCENT
5.0,5.b,5.b.1,IT_MOB_OWN,"Proportion of individuals who own a mobile telephone, by sex (%)",604.0,Peru,2017.0,76.15315,2017,,,,,Instituto Nacional de Estadistica e Informatica,,,,,C,,G,FEMALE,PERCENT
5.0,5.b,5.b.1,IT_MOB_OWN,"Proportion of individuals who own a mobile telephone, by sex (%)",604.0,Peru,2017.0,82.16667,2017,,,,,Instituto Nacional de Estadistica e Informatica,,,,,C,,G,MALE,PERCENT
5.0,5.b,5.b.1,IT_MOB_OWN,"Proportion of individuals who own a mobile telephone, by sex (%)",604.0,Peru,2018.0,77.88443,2018,,,,,Instituto Nacional de Estadistica e Informatica,,Population aged 14 and over and the reference period is the previous month.,,,C,,G,FEMALE,PERCENT
5.0,5.b,5.b.1,IT_MOB_OWN,"Proportion of individuals who own a mobile telephone, by sex (%)",604.0,Peru,2018.0,83.64565,2018,,,,,Instituto Nacional de Estadistica e Informatica,,Population aged 14 and over and the reference period is the previous month.,,,C,,G,MALE,PERCENT
5.0,5.b,5.b.1,IT_MOB_OWN,"Proportion of individuals who own a mobile telephone, by sex (%)",604.0,Peru,2018.0,80.76567,2018,,,,,Instituto Nacional de Estadistica e Informatica,,Population aged 14 and over and the reference period is the previous month.,,,C,,G,BOTHSEX,PERCENT
5.0,5.b,5.b.1,IT_MOB_OWN,"Proportion of individuals who own a mobile telephone, by sex (%)",604.0,Peru,2019.0,81.71297,2019,,,,,Instituto Nacional de Estadistica e Informatica,,,,,C,,G,BOTHSEX,PERCENT
5.0,5.b,5.b.1,IT_MOB_OWN,"Proportion of individuals who own a mobile telephone, by sex (%)",604.0,Peru,2019.0,79.03483,2019,,,,,Instituto Nacional de Estadistica e Informatica,,,,,C,,G,FEMALE,PERCENT
5.0,5.b,5.b.1,IT_MOB_OWN,"Proportion of individuals who own a mobile telephone, by sex (%)",604.0,Peru,2019.0,84.3973,2019,,,,,Instituto Nacional de Estadistica e Informatica,,,,,C,,G,MALE,PERCENT
5.0,5.b,5.b.1,IT_MOB_OWN,"Proportion of individuals who own a mobile telephone, by sex (%)",604.0,Peru,2020.0,81.8358,2020,,,,,Instituto Nacional de Estadistica e Informatica,,Population aged 14 and over and the reference period is the previous month.,,,C,,G,BOTHSEX,PERCENT
5.0,5.b,5.b.1,IT_MOB_OWN,"Proportion of individuals who own a mobile telephone, by sex (%)",604.0,Peru,2020.0,78.90817,2020,,,,,Instituto Nacional de Estadistica e Informatica,,Population aged 14 and over and the reference period is the previous month.,,,C,,G,FEMALE,PERCENT
5.0,5.b,5.b.1,IT_MOB_OWN,"Proportion of individuals who own a mobile telephone, by sex (%)",604.0,Peru,2020.0,84.78225,2020,,,,,Instituto Nacional de Estadistica e Informatica,,Population aged 14 and over and the reference period is the previous month.,,,C,,G,MALE,PERCENT
5.0,5.b,5.b.1,IT_MOB_OWN,"Proportion of individuals who own a mobile telephone, by sex (%)",604.0,Peru,2021.0,83.1635,2021,,,,,Instituto Nacional de Estadística e Informática - INEI,,La información corresponde a la población de 14 y más años de edad y el período de referencia es el mes anterior.,,,C,,G,BOTHSEX,PERCENT
5.0,5.b,5.b.1,IT_MOB_OWN,"Proportion of individuals who own a mobile telephone, by sex (%)",604.0,Peru,2021.0,81.16035,2021,,,,,Instituto Nacional de Estadística e Informática - INEI,,,,,C,,G,FEMALE,PERCENT
5.0,5.b,5.b.1,IT_MOB_OWN,"Proportion of individuals who own a mobile telephone, by sex (%)",604.0,Peru,2021.0,85.1762,2021,,,,,Instituto Nacional de Estadística e Informática - INEI,,,,,C,,G,MALE,PERCENT
5.0,5.c,5.c.1,SG_GEN_EQPWN,Proportion of countries with systems to track and make public allocations for gender equality and women's empowerment (%),604.0,Peru,2018.0,1.0,2018,,,,,"Data are derived from country reporting on 13 binary questions on questionnaire, collected through the Global Partneship for Effective Development Cooperation",,"The numerical value 1 represents ""Approaches requirement"", 0 for ""Does not meet requirement"" and 2 for ""Fully meets requirement"".",,,G,,G,,PERCENT
,,,,,,,,,,,,,,,,,,,,,,,
