Goal,Target,Indicator,SeriesCode,SeriesDescription,GeoAreaCode,GeoAreaName,TimePeriod,Value,Time_Detail,TimeCoverage,UpperBound,LowerBound,BasePeriod,Source,GeoInfoUrl,FootNote,[Activity],[Age],[Freq],[Location],[Mode of transportation],[Nature],[Observation Status],[Reporting Type],[Sex],[Type of mobile technology],[Units]
9.0,9.1,9.1.2,IS_RDP_FRGVOL,"Freight volume, by mode of transport (tonne kilometres)",600.0,Paraguay,2017.0,1857094.0,2017.0,,,,,ICAO,,,,,,,AIR,C,,G,,,T_KM
9.0,9.1,9.1.2,IS_RDP_FRGVOL,"Freight volume, by mode of transport (tonne kilometres)",600.0,Paraguay,2018.0,1970266.0,2018.0,,,,,ICAO,,,,,,,AIR,C,,G,,,T_KM
9.0,9.1,9.1.2,IS_RDP_FRGVOL,"Freight volume, by mode of transport (tonne kilometres)",600.0,Paraguay,2019.0,1842301.0,2019.0,,,,,ICAO,,,,,,,AIR,C,,G,,,T_KM
9.0,9.1,9.1.2,IS_RDP_FRGVOL,"Freight volume, by mode of transport (tonne kilometres)",600.0,Paraguay,2020.0,478000.0,2020.0,,,,,ICAO,,,,,,,AIR,C,,G,,,T_KM
9.0,9.1,9.1.2,IS_RDP_FRGVOL,"Freight volume, by mode of transport (tonne kilometres)",600.0,Paraguay,2021.0,312000.0,2021.0,,,,,ICAO,,,,,,,AIR,C,,G,,,T_KM
9.0,9.1,9.1.2,IS_RDP_PFVOL,"Passenger volume (passenger kilometres), by mode of transport",600.0,Paraguay,2017.0,653162201.0,2017.0,,,,,ICAO,,,,,,,AIR,C,,G,,,P_KM
9.0,9.1,9.1.2,IS_RDP_PFVOL,"Passenger volume (passenger kilometres), by mode of transport",600.0,Paraguay,2018.0,947046321.0,2018.0,,,,,ICAO,,,,,,,AIR,C,,G,,,P_KM
9.0,9.1,9.1.2,IS_RDP_PFVOL,"Passenger volume (passenger kilometres), by mode of transport",600.0,Paraguay,2019.0,834010319.0,2019.0,,,,,ICAO,,,,,,,AIR,C,,G,,,P_KM
9.0,9.1,9.1.2,IS_RDP_PFVOL,"Passenger volume (passenger kilometres), by mode of transport",600.0,Paraguay,2020.0,176020905.0,2020.0,,,,,ICAO,,,,,,,AIR,C,,G,,,P_KM
9.0,9.1,9.1.2,IS_RDP_PFVOL,"Passenger volume (passenger kilometres), by mode of transport",600.0,Paraguay,2021.0,127987522.0,2021.0,,,,,ICAO,,,,,,,AIR,C,,G,,,P_KM
9.0,9.1,9.1.1,SP_ROD_R2KM,Proportion of the rural population who live within 2Â km of an all-season road,600.0,Paraguay,2019.0,42.4,2019.0,,,,,"World Bank. 2019. Measuring Rural Access: Update 2017/2018. Washington, DC: World Bank Group. http://documents.worldbank.org/curated/en/861691573447265441/pdf/Paraguay-Roads-Sector-Public-Expenditure-Review.pdf",,,,,,RURAL,,E,,G,,,PERCENT
9.0,9.1,9.1.2,IS_RDP_PORFVOL,"Container port traffic, maritime transport (twenty-foot equivalent units - TEUs)",600.0,Paraguay,2010.0,8179.0,2010.0,,,,,"Source: UNCTAD Review of Maritime Transport, 2021 and UNCTADstat (http://stats.unctad.org/teu).",,,,,,,SEA,E,,G,,,TEU
9.0,9.1,9.1.2,IS_RDP_PORFVOL,"Container port traffic, maritime transport (twenty-foot equivalent units - TEUs)",600.0,Paraguay,2011.0,8645.0,2011.0,,,,,"Source: UNCTAD Review of Maritime Transport, 2021 and UNCTADstat (http://stats.unctad.org/teu).",,,,,,,SEA,E,,G,,,TEU
9.0,9.1,9.1.2,IS_RDP_PORFVOL,"Container port traffic, maritime transport (twenty-foot equivalent units - TEUs)",600.0,Paraguay,2012.0,9294.0,2012.0,,,,,"Source: UNCTAD Review of Maritime Transport, 2021 and UNCTADstat (http://stats.unctad.org/teu).",,,,,,,SEA,E,,G,,,TEU
9.0,9.1,9.1.2,IS_RDP_PORFVOL,"Container port traffic, maritime transport (twenty-foot equivalent units - TEUs)",600.0,Paraguay,2013.0,10028.0,2013.0,,,,,"Source: UNCTAD Review of Maritime Transport, 2021 and UNCTADstat (http://stats.unctad.org/teu).",,,,,,,SEA,E,,G,,,TEU
9.0,9.1,9.1.2,IS_RDP_PORFVOL,"Container port traffic, maritime transport (twenty-foot equivalent units - TEUs)",600.0,Paraguay,2014.0,10540.0,2014.0,,,,,"Source: UNCTAD Review of Maritime Transport, 2021 and UNCTADstat (http://stats.unctad.org/teu).",,,,,,,SEA,E,,G,,,TEU
9.0,9.1,9.1.2,IS_RDP_PORFVOL,"Container port traffic, maritime transport (twenty-foot equivalent units - TEUs)",600.0,Paraguay,2015.0,10500.0,2015.0,,,,,"Source: UNCTAD Review of Maritime Transport, 2021 and UNCTADstat (http://stats.unctad.org/teu).",,,,,,,SEA,E,,G,,,TEU
9.0,9.1,9.1.2,IS_RDP_PORFVOL,"Container port traffic, maritime transport (twenty-foot equivalent units - TEUs)",600.0,Paraguay,2016.0,38430.0,2016.0,,,,,"Source: UNCTAD Review of Maritime Transport, 2021 and UNCTADstat (http://stats.unctad.org/teu).",,,,,,,SEA,E,,G,,,TEU
9.0,9.1,9.1.2,IS_RDP_PORFVOL,"Container port traffic, maritime transport (twenty-foot equivalent units - TEUs)",600.0,Paraguay,2017.0,37584.0,2017.0,,,,,"Source: UNCTAD Review of Maritime Transport, 2021 and UNCTADstat (http://stats.unctad.org/teu).",,,,,,,SEA,E,,G,,,TEU
9.0,9.1,9.1.2,IS_RDP_PORFVOL,"Container port traffic, maritime transport (twenty-foot equivalent units - TEUs)",600.0,Paraguay,2018.0,38007.0,2018.0,,,,,"Source: UNCTAD Review of Maritime Transport, 2021 and UNCTADstat (http://stats.unctad.org/teu).",,,,,,,SEA,E,,G,,,TEU
9.0,9.1,9.1.2,IS_RDP_PORFVOL,"Container port traffic, maritime transport (twenty-foot equivalent units - TEUs)",600.0,Paraguay,2019.0,37796.0,2019.0,,,,,"Source: UNCTAD Review of Maritime Transport, 2021 and UNCTADstat (http://stats.unctad.org/teu).",,,,,,,SEA,E,,G,,,TEU
9.0,9.1,9.1.2,IS_RDP_PORFVOL,"Container port traffic, maritime transport (twenty-foot equivalent units - TEUs)",600.0,Paraguay,2020.0,37901.0,2020.0,,,,,"Source: UNCTAD Review of Maritime Transport, 2021 and UNCTADstat (http://stats.unctad.org/teu).",,,,,,,SEA,E,,G,,,TEU
9.0,9.2,9.2.1,NV_IND_MANFPC,Manufacturing value added per capita (constant 2015 United States dollars),600.0,Paraguay,2000.0,968.54,2000.0,,,,2015.0,UNIDO National Accounts Database. Available at https://stat.unido.org,,,ISIC4_C,,,,,CA,A,G,,,CON_USD
9.0,9.2,9.2.1,NV_IND_MANFPC,Manufacturing value added per capita (constant 2015 United States dollars),600.0,Paraguay,2001.0,945.89,2001.0,,,,2015.0,UNIDO National Accounts Database. Available at https://stat.unido.org,,,ISIC4_C,,,,,CA,A,G,,,CON_USD
9.0,9.2,9.2.1,NV_IND_MANFPC,Manufacturing value added per capita (constant 2015 United States dollars),600.0,Paraguay,2002.0,919.38,2002.0,,,,2015.0,UNIDO National Accounts Database. Available at https://stat.unido.org,,,ISIC4_C,,,,,CA,A,G,,,CON_USD
9.0,9.2,9.2.1,NV_IND_MANFPC,Manufacturing value added per capita (constant 2015 United States dollars),600.0,Paraguay,2003.0,914.59,2003.0,,,,2015.0,UNIDO National Accounts Database. Available at https://stat.unido.org,,,ISIC4_C,,,,,CA,A,G,,,CON_USD
9.0,9.2,9.2.1,NV_IND_MANFPC,Manufacturing value added per capita (constant 2015 United States dollars),600.0,Paraguay,2004.0,933.73,2004.0,,,,2015.0,UNIDO National Accounts Database. Available at https://stat.unido.org,,,ISIC4_C,,,,,CA,A,G,,,CON_USD
9.0,9.2,9.2.1,NV_IND_MANFPC,Manufacturing value added per capita (constant 2015 United States dollars),600.0,Paraguay,2005.0,948.07,2005.0,,,,2015.0,UNIDO National Accounts Database. Available at https://stat.unido.org,,,ISIC4_C,,,,,CA,A,G,,,CON_USD
9.0,9.2,9.2.1,NV_IND_MANFPC,Manufacturing value added per capita (constant 2015 United States dollars),600.0,Paraguay,2006.0,961.92,2006.0,,,,2015.0,UNIDO National Accounts Database. Available at https://stat.unido.org,,,ISIC4_C,,,,,CA,A,G,,,CON_USD
9.0,9.2,9.2.1,NV_IND_MANFPC,Manufacturing value added per capita (constant 2015 United States dollars),600.0,Paraguay,2007.0,940.58,2007.0,,,,2015.0,UNIDO National Accounts Database. Available at https://stat.unido.org,,,ISIC4_C,,,,,CA,A,G,,,CON_USD
9.0,9.2,9.2.1,NV_IND_MANFPC,Manufacturing value added per capita (constant 2015 United States dollars),600.0,Paraguay,2008.0,949.61,2008.0,,,,2015.0,UNIDO National Accounts Database. Available at https://stat.unido.org,,,ISIC4_C,,,,,CA,A,G,,,CON_USD
9.0,9.2,9.2.1,NV_IND_MANFPC,Manufacturing value added per capita (constant 2015 United States dollars),600.0,Paraguay,2009.0,904.19,2009.0,,,,2015.0,UNIDO National Accounts Database. Available at https://stat.unido.org,,,ISIC4_C,,,,,CA,A,G,,,CON_USD
9.0,9.2,9.2.1,NV_IND_MANFPC,Manufacturing value added per capita (constant 2015 United States dollars),600.0,Paraguay,2010.0,937.61,2010.0,,,,2015.0,UNIDO National Accounts Database. Available at https://stat.unido.org,,,ISIC4_C,,,,,CA,A,G,,,CON_USD
9.0,9.2,9.2.1,NV_IND_MANFPC,Manufacturing value added per capita (constant 2015 United States dollars),600.0,Paraguay,2011.0,962.82,2011.0,,,,2015.0,UNIDO National Accounts Database. Available at https://stat.unido.org,,,ISIC4_C,,,,,CA,A,G,,,CON_USD
9.0,9.2,9.2.1,NV_IND_MANFPC,Manufacturing value added per capita (constant 2015 United States dollars),600.0,Paraguay,2012.0,979.45,2012.0,,,,2015.0,UNIDO National Accounts Database. Available at https://stat.unido.org,,,ISIC4_C,,,,,CA,A,G,,,CON_USD
9.0,9.2,9.2.1,NV_IND_MANFPC,Manufacturing value added per capita (constant 2015 United States dollars),600.0,Paraguay,2013.0,1040.08,2013.0,,,,2015.0,UNIDO National Accounts Database. Available at https://stat.unido.org,,,ISIC4_C,,,,,CA,A,G,,,CON_USD
9.0,9.2,9.2.1,NV_IND_MANFPC,Manufacturing value added per capita (constant 2015 United States dollars),600.0,Paraguay,2014.0,1097.23,2014.0,,,,2015.0,UNIDO National Accounts Database. Available at https://stat.unido.org,,,ISIC4_C,,,,,CA,A,G,,,CON_USD
9.0,9.2,9.2.1,NV_IND_MANFPC,Manufacturing value added per capita (constant 2015 United States dollars),600.0,Paraguay,2015.0,1138.08,2015.0,,,,2015.0,UNIDO National Accounts Database. Available at https://stat.unido.org,,,ISIC4_C,,,,,CA,A,G,,,CON_USD
9.0,9.2,9.2.1,NV_IND_MANFPC,Manufacturing value added per capita (constant 2015 United States dollars),600.0,Paraguay,2016.0,1173.3,2016.0,,,,2015.0,UNIDO National Accounts Database. Available at https://stat.unido.org,,,ISIC4_C,,,,,CA,A,G,,,CON_USD
9.0,9.2,9.2.1,NV_IND_MANFPC,Manufacturing value added per capita (constant 2015 United States dollars),600.0,Paraguay,2017.0,1228.83,2017.0,,,,2015.0,UNIDO National Accounts Database. Available at https://stat.unido.org,,,ISIC4_C,,,,,CA,A,G,,,CON_USD
9.0,9.2,9.2.1,NV_IND_MANFPC,Manufacturing value added per capita (constant 2015 United States dollars),600.0,Paraguay,2018.0,1240.63,2018.0,,,,2015.0,UNIDO National Accounts Database. Available at https://stat.unido.org,,,ISIC4_C,,,,,CA,A,G,,,CON_USD
9.0,9.2,9.2.1,NV_IND_MANFPC,Manufacturing value added per capita (constant 2015 United States dollars),600.0,Paraguay,2019.0,1211.08,2019.0,,,,2015.0,UNIDO National Accounts Database. Available at https://stat.unido.org,,,ISIC4_C,,,,,CA,A,G,,,CON_USD
9.0,9.2,9.2.1,NV_IND_MANFPC,Manufacturing value added per capita (constant 2015 United States dollars),600.0,Paraguay,2020.0,1179.56,2020.0,,,,2015.0,UNIDO National Accounts Database. Available at https://stat.unido.org,,,ISIC4_C,,,,,CA,A,G,,,CON_USD
9.0,9.2,9.2.1,NV_IND_MANFPC,Manufacturing value added per capita (constant 2015 United States dollars),600.0,Paraguay,2021.0,1248.93,2021.0,,,,2015.0,UNIDO National Accounts Database. Available at https://stat.unido.org,,,ISIC4_C,,,,,CA,A,G,,,CON_USD
9.0,9.2,9.2.1,NV_IND_MANFPC,Manufacturing value added per capita (constant 2015 United States dollars),600.0,Paraguay,2022.0,1242.01,2022.0,,,,2015.0,UNIDO National Accounts Database. Available at https://stat.unido.org,,,ISIC4_C,,,,,E,A,G,,,CON_USD
9.0,9.2,9.2.2,SL_TLF_MANF,Manufacturing employment as a proportion of total employment - 13th ICLS (%),600.0,Paraguay,2000.0,11.65,2000.0,,,,,HS - Continous Household Survey,,,ISIC4_C,,,,,C,A,G,,,PERCENT
9.0,9.2,9.2.2,SL_TLF_MANF,Manufacturing employment as a proportion of total employment - 13th ICLS (%),600.0,Paraguay,2001.0,11.58,2001.0,,,,,HS - Continous Household Survey,,Repository: ILO-STATISTICS - Micro data processing | Break in series: Methodology revised,ISIC4_C,,,,,C,A,G,,,PERCENT
9.0,9.2,9.2.2,SL_TLF_MANF,Manufacturing employment as a proportion of total employment - 13th ICLS (%),600.0,Paraguay,2002.0,10.33,2002.0,,,,,HS - Continous Household Survey,,Repository: ILO-STATISTICS - Micro data processing | Break in series: Methodology revised,ISIC4_C,,,,,C,A,G,,,PERCENT
9.0,9.2,9.2.2,SL_TLF_MANF,Manufacturing employment as a proportion of total employment - 13th ICLS (%),600.0,Paraguay,2003.0,10.9,2003.0,,,,,HS - Continous Household Survey,,Repository: ILO-STATISTICS - Micro data processing,ISIC4_C,,,,,C,A,G,,,PERCENT
9.0,9.2,9.2.2,SL_TLF_MANF,Manufacturing employment as a proportion of total employment - 13th ICLS (%),600.0,Paraguay,2004.0,11.41,2004.0,,,,,HS - Continous Household Survey,,Repository: ILO-STATISTICS - Micro data processing,ISIC4_C,,,,,C,A,G,,,PERCENT
9.0,9.2,9.2.2,SL_TLF_MANF,Manufacturing employment as a proportion of total employment - 13th ICLS (%),600.0,Paraguay,2005.0,9.74,2005.0,,,,,HS - Continous Household Survey,,Repository: ILO-STATISTICS - Micro data processing,ISIC4_C,,,,,C,A,G,,,PERCENT
9.0,9.2,9.2.2,SL_TLF_MANF,Manufacturing employment as a proportion of total employment - 13th ICLS (%),600.0,Paraguay,2006.0,10.52,2006.0,,,,,HS - Continous Household Survey,,Repository: ILO-STATISTICS - Micro data processing,ISIC4_C,,,,,C,A,G,,,PERCENT
9.0,9.2,9.2.2,SL_TLF_MANF,Manufacturing employment as a proportion of total employment - 13th ICLS (%),600.0,Paraguay,2007.0,12.15,2007.0,,,,,HS - Continous Household Survey,,Repository: ILO-STATISTICS - Micro data processing,ISIC4_C,,,,,C,A,G,,,PERCENT
9.0,9.2,9.2.2,SL_TLF_MANF,Manufacturing employment as a proportion of total employment - 13th ICLS (%),600.0,Paraguay,2008.0,12.36,2008.0,,,,,HS - Continous Household Survey,,Repository: ILO-STATISTICS - Micro data processing,ISIC4_C,,,,,C,A,G,,,PERCENT
9.0,9.2,9.2.2,SL_TLF_MANF,Manufacturing employment as a proportion of total employment - 13th ICLS (%),600.0,Paraguay,2009.0,11.16,2009.0,,,,,HS - Continous Household Survey,,Repository: ILO-STATISTICS - Micro data processing,ISIC4_C,,,,,C,A,G,,,PERCENT
9.0,9.2,9.2.2,SL_TLF_MANF,Manufacturing employment as a proportion of total employment - 13th ICLS (%),600.0,Paraguay,2010.0,11.22,2010.0,,,,,HS - Continous Household Survey,,Repository: ILO-STATISTICS - Micro data processing,ISIC4_C,,,,,C,A,G,,,PERCENT
9.0,9.2,9.2.2,SL_TLF_MANF,Manufacturing employment as a proportion of total employment - 13th ICLS (%),600.0,Paraguay,2011.0,10.64,2011.0,,,,,HS - Continous Household Survey,,Repository: ILO-STATISTICS - Micro data processing,ISIC4_C,,,,,C,A,G,,,PERCENT
9.0,9.2,9.2.2,SL_TLF_MANF,Manufacturing employment as a proportion of total employment - 13th ICLS (%),600.0,Paraguay,2012.0,10.64,2012.0,,,,,HS - Continous Household Survey,,Repository: ILO-STATISTICS - Micro data processing,ISIC4_C,,,,,C,A,G,,,PERCENT
9.0,9.2,9.2.2,SL_TLF_MANF,Manufacturing employment as a proportion of total employment - 13th ICLS (%),600.0,Paraguay,2013.0,10.1,2013.0,,,,,HS - Continous Household Survey,,Repository: ILO-STATISTICS - Micro data processing,ISIC4_C,,,,,C,A,G,,,PERCENT
9.0,9.2,9.2.2,SL_TLF_MANF,Manufacturing employment as a proportion of total employment - 13th ICLS (%),600.0,Paraguay,2014.0,11.39,2014.0,,,,,HS - Continous Household Survey,,Repository: ILO-STATISTICS - Micro data processing,ISIC4_C,,,,,C,A,G,,,PERCENT
9.0,9.2,9.2.2,SL_TLF_MANF,Manufacturing employment as a proportion of total employment - 13th ICLS (%),600.0,Paraguay,2015.0,12.42,2015.0,,,,,HS - Continous Household Survey,,Repository: ILO-STATISTICS - Micro data processing,ISIC4_C,,,,,C,A,G,,,PERCENT
9.0,9.2,9.2.2,SL_TLF_MANF,Manufacturing employment as a proportion of total employment - 13th ICLS (%),600.0,Paraguay,2016.0,11.15,2016.0,,,,,HS - Continous Household Survey,,Repository: ILO-STATISTICS - Micro data processing,ISIC4_C,,,,,C,A,G,,,PERCENT
9.0,9.2,9.2.2,SL_TLF_MANF,Manufacturing employment as a proportion of total employment - 13th ICLS (%),600.0,Paraguay,2017.0,11.65,2017.0,,,,,HS - Continous Household Survey,,Repository: ILO-STATISTICS - Micro data processing,ISIC4_C,,,,,C,A,G,,,PERCENT
9.0,9.2,9.2.2,SL_TLF_MANF,Manufacturing employment as a proportion of total employment - 13th ICLS (%),600.0,Paraguay,2018.0,11.02,2018.0,,,,,HS - Continuous Permanent Household Survey,,Repository: ILO-STATISTICS - Micro data processing,ISIC4_C,,,,,C,A,G,,,PERCENT
9.0,9.2,9.2.2,SL_TLF_MANF,Manufacturing employment as a proportion of total employment - 13th ICLS (%),600.0,Paraguay,2019.0,10.43,2019.0,,,,,HS - Continuous Permanent Household Survey,,Repository: ILO-STATISTICS - Micro data processing,ISIC4_C,,,,,C,A,G,,,PERCENT
9.0,9.2,9.2.2,SL_TLF_MANF,Manufacturing employment as a proportion of total employment - 13th ICLS (%),600.0,Paraguay,2020.0,10.39,2020.0,,,,,HS - Continuous Permanent Household Survey,,Repository: ILO-STATISTICS - Micro data processing,ISIC4_C,,,,,C,A,G,,,PERCENT
9.0,9.2,9.2.2,SL_TLF_MANF,Manufacturing employment as a proportion of total employment - 13th ICLS (%),600.0,Paraguay,2021.0,10.67,2021.0,,,,,HS - Continuous Permanent Household Survey,,Repository: ILO-STATISTICS - Micro data processing,ISIC4_C,,,,,C,A,G,,,PERCENT
9.0,9.2,9.2.1,NV_IND_MANF,Manufacturing value added (constant 2015 United States dollars) as a proportion of GDP (%),600.0,Paraguay,2000.0,28.27,2000.0,,,,2015.0,UNIDO National Accounts Database. Available at https://stat.unido.org,,,ISIC4_C,,,,,CA,A,G,,,PERCENT
9.0,9.2,9.2.1,NV_IND_MANF,Manufacturing value added (constant 2015 United States dollars) as a proportion of GDP (%),600.0,Paraguay,2001.0,27.52,2001.0,,,,2015.0,UNIDO National Accounts Database. Available at https://stat.unido.org,,,ISIC4_C,,,,,CA,A,G,,,PERCENT
9.0,9.2,9.2.1,NV_IND_MANF,Manufacturing value added (constant 2015 United States dollars) as a proportion of GDP (%),600.0,Paraguay,2002.0,23.59,2002.0,,,,2015.0,UNIDO National Accounts Database. Available at https://stat.unido.org,,,ISIC4_C,,,,,CA,A,G,,,PERCENT
9.0,9.2,9.2.1,NV_IND_MANF,Manufacturing value added (constant 2015 United States dollars) as a proportion of GDP (%),600.0,Paraguay,2003.0,22.78,2003.0,,,,2015.0,UNIDO National Accounts Database. Available at https://stat.unido.org,,,ISIC4_C,,,,,CA,A,G,,,PERCENT
9.0,9.2,9.2.1,NV_IND_MANF,Manufacturing value added (constant 2015 United States dollars) as a proportion of GDP (%),600.0,Paraguay,2004.0,22.61,2004.0,,,,2015.0,UNIDO National Accounts Database. Available at https://stat.unido.org,,,ISIC4_C,,,,,CA,A,G,,,PERCENT
9.0,9.2,9.2.1,NV_IND_MANF,Manufacturing value added (constant 2015 United States dollars) as a proportion of GDP (%),600.0,Paraguay,2005.0,22.73,2005.0,,,,2015.0,UNIDO National Accounts Database. Available at https://stat.unido.org,,,ISIC4_C,,,,,CA,A,G,,,PERCENT
9.0,9.2,9.2.1,NV_IND_MANF,Manufacturing value added (constant 2015 United States dollars) as a proportion of GDP (%),600.0,Paraguay,2006.0,22.24,2006.0,,,,2015.0,UNIDO National Accounts Database. Available at https://stat.unido.org,,,ISIC4_C,,,,,CA,A,G,,,PERCENT
9.0,9.2,9.2.1,NV_IND_MANF,Manufacturing value added (constant 2015 United States dollars) as a proportion of GDP (%),600.0,Paraguay,2007.0,20.83,2007.0,,,,2015.0,UNIDO National Accounts Database. Available at https://stat.unido.org,,,ISIC4_C,,,,,CA,A,G,,,PERCENT
9.0,9.2,9.2.1,NV_IND_MANF,Manufacturing value added (constant 2015 United States dollars) as a proportion of GDP (%),600.0,Paraguay,2008.0,19.94,2008.0,,,,2015.0,UNIDO National Accounts Database. Available at https://stat.unido.org,,,ISIC4_C,,,,,CA,A,G,,,PERCENT
9.0,9.2,9.2.1,NV_IND_MANF,Manufacturing value added (constant 2015 United States dollars) as a proportion of GDP (%),600.0,Paraguay,2009.0,19.23,2009.0,,,,2015.0,UNIDO National Accounts Database. Available at https://stat.unido.org,,,ISIC4_C,,,,,CA,A,G,,,PERCENT
9.0,9.2,9.2.1,NV_IND_MANF,Manufacturing value added (constant 2015 United States dollars) as a proportion of GDP (%),600.0,Paraguay,2010.0,18.16,2010.0,,,,2015.0,UNIDO National Accounts Database. Available at https://stat.unido.org,,,ISIC4_C,,,,,CA,A,G,,,PERCENT
9.0,9.2,9.2.1,NV_IND_MANF,Manufacturing value added (constant 2015 United States dollars) as a proportion of GDP (%),600.0,Paraguay,2011.0,18.11,2011.0,,,,2015.0,UNIDO National Accounts Database. Available at https://stat.unido.org,,,ISIC4_C,,,,,CA,A,G,,,PERCENT
9.0,9.2,9.2.1,NV_IND_MANF,Manufacturing value added (constant 2015 United States dollars) as a proportion of GDP (%),600.0,Paraguay,2012.0,18.81,2012.0,,,,2015.0,UNIDO National Accounts Database. Available at https://stat.unido.org,,,ISIC4_C,,,,,CA,A,G,,,PERCENT
9.0,9.2,9.2.1,NV_IND_MANF,Manufacturing value added (constant 2015 United States dollars) as a proportion of GDP (%),600.0,Paraguay,2013.0,18.7,2013.0,,,,2015.0,UNIDO National Accounts Database. Available at https://stat.unido.org,,,ISIC4_C,,,,,CA,A,G,,,PERCENT
9.0,9.2,9.2.1,NV_IND_MANF,Manufacturing value added (constant 2015 United States dollars) as a proportion of GDP (%),600.0,Paraguay,2014.0,19.0,2014.0,,,,2015.0,UNIDO National Accounts Database. Available at https://stat.unido.org,,,ISIC4_C,,,,,CA,A,G,,,PERCENT
9.0,9.2,9.2.1,NV_IND_MANF,Manufacturing value added (constant 2015 United States dollars) as a proportion of GDP (%),600.0,Paraguay,2015.0,19.42,2015.0,,,,2015.0,UNIDO National Accounts Database. Available at https://stat.unido.org,,,ISIC4_C,,,,,CA,A,G,,,PERCENT
9.0,9.2,9.2.1,NV_IND_MANF,Manufacturing value added (constant 2015 United States dollars) as a proportion of GDP (%),600.0,Paraguay,2016.0,19.47,2016.0,,,,2015.0,UNIDO National Accounts Database. Available at https://stat.unido.org,,,ISIC4_C,,,,,CA,A,G,,,PERCENT
9.0,9.2,9.2.1,NV_IND_MANF,Manufacturing value added (constant 2015 United States dollars) as a proportion of GDP (%),600.0,Paraguay,2017.0,19.73,2017.0,,,,2015.0,UNIDO National Accounts Database. Available at https://stat.unido.org,,,ISIC4_C,,,,,CA,A,G,,,PERCENT
9.0,9.2,9.2.1,NV_IND_MANF,Manufacturing value added (constant 2015 United States dollars) as a proportion of GDP (%),600.0,Paraguay,2018.0,19.57,2018.0,,,,2015.0,UNIDO National Accounts Database. Available at https://stat.unido.org,,,ISIC4_C,,,,,CA,A,G,,,PERCENT
9.0,9.2,9.2.1,NV_IND_MANF,Manufacturing value added (constant 2015 United States dollars) as a proportion of GDP (%),600.0,Paraguay,2019.0,19.44,2019.0,,,,2015.0,UNIDO National Accounts Database. Available at https://stat.unido.org,,,ISIC4_C,,,,,CA,A,G,,,PERCENT
9.0,9.2,9.2.1,NV_IND_MANF,Manufacturing value added (constant 2015 United States dollars) as a proportion of GDP (%),600.0,Paraguay,2020.0,19.35,2020.0,,,,2015.0,UNIDO National Accounts Database. Available at https://stat.unido.org,,,ISIC4_C,,,,,CA,A,G,,,PERCENT
9.0,9.2,9.2.1,NV_IND_MANF,Manufacturing value added (constant 2015 United States dollars) as a proportion of GDP (%),600.0,Paraguay,2021.0,19.76,2021.0,,,,2015.0,UNIDO National Accounts Database. Available at https://stat.unido.org,,,ISIC4_C,,,,,CA,A,G,,,PERCENT
9.0,9.2,9.2.1,NV_IND_MANF,Manufacturing value added (constant 2015 United States dollars) as a proportion of GDP (%),600.0,Paraguay,2022.0,19.84,2022.0,,,,2015.0,UNIDO National Accounts Database. Available at https://stat.unido.org,,,ISIC4_C,,,,,E,A,G,,,PERCENT
9.0,9.2,9.2.1,NV_IND_MANF_CD,Manufacturing value added (current United States dollars) as a proportion of GDP (%),600.0,Paraguay,2000.0,28.74,2000.0,,,,,UNIDO National Accounts Database. Available at https://stat.unido.org,,,ISIC4_C,,,,,CA,A,G,,,PERCENT
9.0,9.2,9.2.1,NV_IND_MANF_CD,Manufacturing value added (current United States dollars) as a proportion of GDP (%),600.0,Paraguay,2001.0,28.98,2001.0,,,,,UNIDO National Accounts Database. Available at https://stat.unido.org,,,ISIC4_C,,,,,CA,A,G,,,PERCENT
9.0,9.2,9.2.1,NV_IND_MANF_CD,Manufacturing value added (current United States dollars) as a proportion of GDP (%),600.0,Paraguay,2002.0,23.13,2002.0,,,,,UNIDO National Accounts Database. Available at https://stat.unido.org,,,ISIC4_C,,,,,CA,A,G,,,PERCENT
9.0,9.2,9.2.1,NV_IND_MANF_CD,Manufacturing value added (current United States dollars) as a proportion of GDP (%),600.0,Paraguay,2003.0,23.08,2003.0,,,,,UNIDO National Accounts Database. Available at https://stat.unido.org,,,ISIC4_C,,,,,CA,A,G,,,PERCENT
9.0,9.2,9.2.1,NV_IND_MANF_CD,Manufacturing value added (current United States dollars) as a proportion of GDP (%),600.0,Paraguay,2004.0,22.44,2004.0,,,,,UNIDO National Accounts Database. Available at https://stat.unido.org,,,ISIC4_C,,,,,CA,A,G,,,PERCENT
9.0,9.2,9.2.1,NV_IND_MANF_CD,Manufacturing value added (current United States dollars) as a proportion of GDP (%),600.0,Paraguay,2005.0,21.7,2005.0,,,,,UNIDO National Accounts Database. Available at https://stat.unido.org,,,ISIC4_C,,,,,CA,A,G,,,PERCENT
9.0,9.2,9.2.1,NV_IND_MANF_CD,Manufacturing value added (current United States dollars) as a proportion of GDP (%),600.0,Paraguay,2006.0,21.73,2006.0,,,,,UNIDO National Accounts Database. Available at https://stat.unido.org,,,ISIC4_C,,,,,CA,A,G,,,PERCENT
9.0,9.2,9.2.1,NV_IND_MANF_CD,Manufacturing value added (current United States dollars) as a proportion of GDP (%),600.0,Paraguay,2007.0,20.78,2007.0,,,,,UNIDO National Accounts Database. Available at https://stat.unido.org,,,ISIC4_C,,,,,CA,A,G,,,PERCENT
9.0,9.2,9.2.1,NV_IND_MANF_CD,Manufacturing value added (current United States dollars) as a proportion of GDP (%),600.0,Paraguay,2008.0,20.34,2008.0,,,,,UNIDO National Accounts Database. Available at https://stat.unido.org,,,ISIC4_C,,,,,CA,A,G,,,PERCENT
9.0,9.2,9.2.1,NV_IND_MANF_CD,Manufacturing value added (current United States dollars) as a proportion of GDP (%),600.0,Paraguay,2009.0,19.79,2009.0,,,,,UNIDO National Accounts Database. Available at https://stat.unido.org,,,ISIC4_C,,,,,CA,A,G,,,PERCENT
9.0,9.2,9.2.1,NV_IND_MANF_CD,Manufacturing value added (current United States dollars) as a proportion of GDP (%),600.0,Paraguay,2010.0,18.55,2010.0,,,,,UNIDO National Accounts Database. Available at https://stat.unido.org,,,ISIC4_C,,,,,CA,A,G,,,PERCENT
9.0,9.2,9.2.1,NV_IND_MANF_CD,Manufacturing value added (current United States dollars) as a proportion of GDP (%),600.0,Paraguay,2011.0,18.39,2011.0,,,,,UNIDO National Accounts Database. Available at https://stat.unido.org,,,ISIC4_C,,,,,CA,A,G,,,PERCENT
9.0,9.2,9.2.1,NV_IND_MANF_CD,Manufacturing value added (current United States dollars) as a proportion of GDP (%),600.0,Paraguay,2012.0,18.52,2012.0,,,,,UNIDO National Accounts Database. Available at https://stat.unido.org,,,ISIC4_C,,,,,CA,A,G,,,PERCENT
9.0,9.2,9.2.1,NV_IND_MANF_CD,Manufacturing value added (current United States dollars) as a proportion of GDP (%),600.0,Paraguay,2013.0,18.32,2013.0,,,,,UNIDO National Accounts Database. Available at https://stat.unido.org,,,ISIC4_C,,,,,CA,A,G,,,PERCENT
9.0,9.2,9.2.1,NV_IND_MANF_CD,Manufacturing value added (current United States dollars) as a proportion of GDP (%),600.0,Paraguay,2014.0,18.77,2014.0,,,,,UNIDO National Accounts Database. Available at https://stat.unido.org,,,ISIC4_C,,,,,CA,A,G,,,PERCENT
9.0,9.2,9.2.1,NV_IND_MANF_CD,Manufacturing value added (current United States dollars) as a proportion of GDP (%),600.0,Paraguay,2015.0,19.42,2015.0,,,,,UNIDO National Accounts Database. Available at https://stat.unido.org,,,ISIC4_C,,,,,CA,A,G,,,PERCENT
9.0,9.2,9.2.1,NV_IND_MANF_CD,Manufacturing value added (current United States dollars) as a proportion of GDP (%),600.0,Paraguay,2016.0,19.06,2016.0,,,,,UNIDO National Accounts Database. Available at https://stat.unido.org,,,ISIC4_C,,,,,CA,A,G,,,PERCENT
9.0,9.2,9.2.1,NV_IND_MANF_CD,Manufacturing value added (current United States dollars) as a proportion of GDP (%),600.0,Paraguay,2017.0,19.45,2017.0,,,,,UNIDO National Accounts Database. Available at https://stat.unido.org,,,ISIC4_C,,,,,CA,A,G,,,PERCENT
9.0,9.2,9.2.1,NV_IND_MANF_CD,Manufacturing value added (current United States dollars) as a proportion of GDP (%),600.0,Paraguay,2018.0,18.99,2018.0,,,,,UNIDO National Accounts Database. Available at https://stat.unido.org,,,ISIC4_C,,,,,CA,A,G,,,PERCENT
9.0,9.2,9.2.1,NV_IND_MANF_CD,Manufacturing value added (current United States dollars) as a proportion of GDP (%),600.0,Paraguay,2019.0,18.8,2019.0,,,,,UNIDO National Accounts Database. Available at https://stat.unido.org,,,ISIC4_C,,,,,CA,A,G,,,PERCENT
9.0,9.2,9.2.1,NV_IND_MANF_CD,Manufacturing value added (current United States dollars) as a proportion of GDP (%),600.0,Paraguay,2020.0,18.7,2020.0,,,,,UNIDO National Accounts Database. Available at https://stat.unido.org,,,ISIC4_C,,,,,CA,A,G,,,PERCENT
9.0,9.2,9.2.1,NV_IND_MANF_CD,Manufacturing value added (current United States dollars) as a proportion of GDP (%),600.0,Paraguay,2021.0,20.25,2021.0,,,,,UNIDO National Accounts Database. Available at https://stat.unido.org,,,ISIC4_C,,,,,CA,A,G,,,PERCENT
9.0,9.3,9.3.2,FC_ACC_SSID,Proportion of small-scale industries with a loan or line of credit (%),600.0,Paraguay,2006.0,39.47,2006.0,,,,,World Bank Enterprise Surveys. Available at https://www.enterprisesurveys.org/,,,ISIC4_C,,,,,G,A,G,,,PERCENT
9.0,9.3,9.3.2,FC_ACC_SSID,Proportion of small-scale industries with a loan or line of credit (%),600.0,Paraguay,2010.0,69.98,2010.0,,,,,World Bank Enterprise Surveys. Available at https://www.enterprisesurveys.org/,,,ISIC4_C,,,,,G,A,G,,,PERCENT
9.0,9.3,9.3.2,FC_ACC_SSID,Proportion of small-scale industries with a loan or line of credit (%),600.0,Paraguay,2017.0,35.72,2017.0,,,,,World Bank Enterprise Surveys. Available at https://www.enterprisesurveys.org/,,,ISIC4_C,,,,,G,A,G,,,PERCENT
9.0,9.4,9.4.1,EN_ATM_CO2,Carbon dioxide emissions from fuel combustion (millions of tonnes),600.0,Paraguay,2000.0,0.26,2000.0,,,,,"IEA (2022), Greenhouse gas emissions from energy. https://www.iea.org/statistics",,,ISIC4_C10T32X19,,,,,E,,G,,,TONNES_M
9.0,9.4,9.4.1,EN_ATM_CO2,Carbon dioxide emissions from fuel combustion (millions of tonnes),600.0,Paraguay,2000.0,3.28,2000.0,,,,,"IEA (2022), Greenhouse gas emissions from energy. https://www.iea.org/statistics",,,TOTAL,,,,,E,,G,,,TONNES_M
9.0,9.4,9.4.1,EN_ATM_CO2,Carbon dioxide emissions from fuel combustion (millions of tonnes),600.0,Paraguay,2001.0,3.42,2001.0,,,,,"IEA (2022), Greenhouse gas emissions from energy. https://www.iea.org/statistics",,,TOTAL,,,,,E,,G,,,TONNES_M
9.0,9.4,9.4.1,EN_ATM_CO2,Carbon dioxide emissions from fuel combustion (millions of tonnes),600.0,Paraguay,2001.0,0.24,2001.0,,,,,"IEA (2022), Greenhouse gas emissions from energy. https://www.iea.org/statistics",,,ISIC4_C10T32X19,,,,,E,,G,,,TONNES_M
9.0,9.4,9.4.1,EN_ATM_CO2,Carbon dioxide emissions from fuel combustion (millions of tonnes),600.0,Paraguay,2002.0,3.59,2002.0,,,,,"IEA (2022), Greenhouse gas emissions from energy. https://www.iea.org/statistics",,,TOTAL,,,,,E,,G,,,TONNES_M
9.0,9.4,9.4.1,EN_ATM_CO2,Carbon dioxide emissions from fuel combustion (millions of tonnes),600.0,Paraguay,2002.0,0.24,2002.0,,,,,"IEA (2022), Greenhouse gas emissions from energy. https://www.iea.org/statistics",,,ISIC4_C10T32X19,,,,,E,,G,,,TONNES_M
9.0,9.4,9.4.1,EN_ATM_CO2,Carbon dioxide emissions from fuel combustion (millions of tonnes),600.0,Paraguay,2003.0,3.71,2003.0,,,,,"IEA (2022), Greenhouse gas emissions from energy. https://www.iea.org/statistics",,,TOTAL,,,,,E,,G,,,TONNES_M
9.0,9.4,9.4.1,EN_ATM_CO2,Carbon dioxide emissions from fuel combustion (millions of tonnes),600.0,Paraguay,2003.0,0.16,2003.0,,,,,"IEA (2022), Greenhouse gas emissions from energy. https://www.iea.org/statistics",,,ISIC4_C10T32X19,,,,,E,,G,,,TONNES_M
9.0,9.4,9.4.1,EN_ATM_CO2,Carbon dioxide emissions from fuel combustion (millions of tonnes),600.0,Paraguay,2004.0,0.2,2004.0,,,,,"IEA (2022), Greenhouse gas emissions from energy. https://www.iea.org/statistics",,,ISIC4_C10T32X19,,,,,E,,G,,,TONNES_M
9.0,9.4,9.4.1,EN_ATM_CO2,Carbon dioxide emissions from fuel combustion (millions of tonnes),600.0,Paraguay,2004.0,3.76,2004.0,,,,,"IEA (2022), Greenhouse gas emissions from energy. https://www.iea.org/statistics",,,TOTAL,,,,,E,,G,,,TONNES_M
9.0,9.4,9.4.1,EN_ATM_CO2,Carbon dioxide emissions from fuel combustion (millions of tonnes),600.0,Paraguay,2005.0,3.47,2005.0,,,,,"IEA (2022), Greenhouse gas emissions from energy. https://www.iea.org/statistics",,,TOTAL,,,,,E,,G,,,TONNES_M
9.0,9.4,9.4.1,EN_ATM_CO2,Carbon dioxide emissions from fuel combustion (millions of tonnes),600.0,Paraguay,2005.0,0.23,2005.0,,,,,"IEA (2022), Greenhouse gas emissions from energy. https://www.iea.org/statistics",,,ISIC4_C10T32X19,,,,,E,,G,,,TONNES_M
9.0,9.4,9.4.1,EN_ATM_CO2,Carbon dioxide emissions from fuel combustion (millions of tonnes),600.0,Paraguay,2006.0,0.17,2006.0,,,,,"IEA (2022), Greenhouse gas emissions from energy. https://www.iea.org/statistics",,,ISIC4_C10T32X19,,,,,E,,G,,,TONNES_M
9.0,9.4,9.4.1,EN_ATM_CO2,Carbon dioxide emissions from fuel combustion (millions of tonnes),600.0,Paraguay,2006.0,3.73,2006.0,,,,,"IEA (2022), Greenhouse gas emissions from energy. https://www.iea.org/statistics",,,TOTAL,,,,,E,,G,,,TONNES_M
9.0,9.4,9.4.1,EN_ATM_CO2,Carbon dioxide emissions from fuel combustion (millions of tonnes),600.0,Paraguay,2007.0,3.51,2007.0,,,,,"IEA (2022), Greenhouse gas emissions from energy. https://www.iea.org/statistics",,,TOTAL,,,,,E,,G,,,TONNES_M
9.0,9.4,9.4.1,EN_ATM_CO2,Carbon dioxide emissions from fuel combustion (millions of tonnes),600.0,Paraguay,2007.0,0.1,2007.0,,,,,"IEA (2022), Greenhouse gas emissions from energy. https://www.iea.org/statistics",,,ISIC4_C10T32X19,,,,,E,,G,,,TONNES_M
9.0,9.4,9.4.1,EN_ATM_CO2,Carbon dioxide emissions from fuel combustion (millions of tonnes),600.0,Paraguay,2008.0,0.1,2008.0,,,,,"IEA (2022), Greenhouse gas emissions from energy. https://www.iea.org/statistics",,,ISIC4_C10T32X19,,,,,E,,G,,,TONNES_M
9.0,9.4,9.4.1,EN_ATM_CO2,Carbon dioxide emissions from fuel combustion (millions of tonnes),600.0,Paraguay,2008.0,4.09,2008.0,,,,,"IEA (2022), Greenhouse gas emissions from energy. https://www.iea.org/statistics",,,TOTAL,,,,,E,,G,,,TONNES_M
9.0,9.4,9.4.1,EN_ATM_CO2,Carbon dioxide emissions from fuel combustion (millions of tonnes),600.0,Paraguay,2009.0,4.29,2009.0,,,,,"IEA (2022), Greenhouse gas emissions from energy. https://www.iea.org/statistics",,,TOTAL,,,,,E,,G,,,TONNES_M
9.0,9.4,9.4.1,EN_ATM_CO2,Carbon dioxide emissions from fuel combustion (millions of tonnes),600.0,Paraguay,2009.0,0.14,2009.0,,,,,"IEA (2022), Greenhouse gas emissions from energy. https://www.iea.org/statistics",,,ISIC4_C10T32X19,,,,,E,,G,,,TONNES_M
9.0,9.4,9.4.1,EN_ATM_CO2,Carbon dioxide emissions from fuel combustion (millions of tonnes),600.0,Paraguay,2010.0,0.15,2010.0,,,,,"IEA (2022), Greenhouse gas emissions from energy. https://www.iea.org/statistics",,,ISIC4_C10T32X19,,,,,E,,G,,,TONNES_M
9.0,9.4,9.4.1,EN_ATM_CO2,Carbon dioxide emissions from fuel combustion (millions of tonnes),600.0,Paraguay,2010.0,4.79,2010.0,,,,,"IEA (2022), Greenhouse gas emissions from energy. https://www.iea.org/statistics",,,TOTAL,,,,,E,,G,,,TONNES_M
9.0,9.4,9.4.1,EN_ATM_CO2,Carbon dioxide emissions from fuel combustion (millions of tonnes),600.0,Paraguay,2011.0,5.01,2011.0,,,,,"IEA (2022), Greenhouse gas emissions from energy. https://www.iea.org/statistics",,,TOTAL,,,,,E,,G,,,TONNES_M
9.0,9.4,9.4.1,EN_ATM_CO2,Carbon dioxide emissions from fuel combustion (millions of tonnes),600.0,Paraguay,2011.0,0.14,2011.0,,,,,"IEA (2022), Greenhouse gas emissions from energy. https://www.iea.org/statistics",,,ISIC4_C10T32X19,,,,,E,,G,,,TONNES_M
9.0,9.4,9.4.1,EN_ATM_CO2,Carbon dioxide emissions from fuel combustion (millions of tonnes),600.0,Paraguay,2012.0,0.25,2012.0,,,,,"IEA (2022), Greenhouse gas emissions from energy. https://www.iea.org/statistics",,,ISIC4_C10T32X19,,,,,E,,G,,,TONNES_M
9.0,9.4,9.4.1,EN_ATM_CO2,Carbon dioxide emissions from fuel combustion (millions of tonnes),600.0,Paraguay,2012.0,4.88,2012.0,,,,,"IEA (2022), Greenhouse gas emissions from energy. https://www.iea.org/statistics",,,TOTAL,,,,,E,,G,,,TONNES_M
9.0,9.4,9.4.1,EN_ATM_CO2,Carbon dioxide emissions from fuel combustion (millions of tonnes),600.0,Paraguay,2013.0,5.08,2013.0,,,,,"IEA (2022), Greenhouse gas emissions from energy. https://www.iea.org/statistics",,,TOTAL,,,,,E,,G,,,TONNES_M
9.0,9.4,9.4.1,EN_ATM_CO2,Carbon dioxide emissions from fuel combustion (millions of tonnes),600.0,Paraguay,2013.0,0.12,2013.0,,,,,"IEA (2022), Greenhouse gas emissions from energy. https://www.iea.org/statistics",,,ISIC4_C10T32X19,,,,,E,,G,,,TONNES_M
9.0,9.4,9.4.1,EN_ATM_CO2,Carbon dioxide emissions from fuel combustion (millions of tonnes),600.0,Paraguay,2014.0,0.18,2014.0,,,,,"IEA (2022), Greenhouse gas emissions from energy. https://www.iea.org/statistics",,,ISIC4_C10T32X19,,,,,E,,G,,,TONNES_M
9.0,9.4,9.4.1,EN_ATM_CO2,Carbon dioxide emissions from fuel combustion (millions of tonnes),600.0,Paraguay,2014.0,5.37,2014.0,,,,,"IEA (2022), Greenhouse gas emissions from energy. https://www.iea.org/statistics",,,TOTAL,,,,,E,,G,,,TONNES_M
9.0,9.4,9.4.1,EN_ATM_CO2,Carbon dioxide emissions from fuel combustion (millions of tonnes),600.0,Paraguay,2015.0,6.02,2015.0,,,,,"IEA (2022), Greenhouse gas emissions from energy. https://www.iea.org/statistics",,,TOTAL,,,,,E,,G,,,TONNES_M
9.0,9.4,9.4.1,EN_ATM_CO2,Carbon dioxide emissions from fuel combustion (millions of tonnes),600.0,Paraguay,2015.0,0.33,2015.0,,,,,"IEA (2022), Greenhouse gas emissions from energy. https://www.iea.org/statistics",,,ISIC4_C10T32X19,,,,,E,,G,,,TONNES_M
9.0,9.4,9.4.1,EN_ATM_CO2,Carbon dioxide emissions from fuel combustion (millions of tonnes),600.0,Paraguay,2016.0,0.19,2016.0,,,,,"IEA (2022), Greenhouse gas emissions from energy. https://www.iea.org/statistics",,,ISIC4_C10T32X19,,,,,E,,G,,,TONNES_M
9.0,9.4,9.4.1,EN_ATM_CO2,Carbon dioxide emissions from fuel combustion (millions of tonnes),600.0,Paraguay,2016.0,6.8,2016.0,,,,,"IEA (2022), Greenhouse gas emissions from energy. https://www.iea.org/statistics",,,TOTAL,,,,,E,,G,,,TONNES_M
9.0,9.4,9.4.1,EN_ATM_CO2,Carbon dioxide emissions from fuel combustion (millions of tonnes),600.0,Paraguay,2017.0,0.18,2017.0,,,,,"IEA (2022), Greenhouse gas emissions from energy. https://www.iea.org/statistics",,,ISIC4_C10T32X19,,,,,E,,G,,,TONNES_M
9.0,9.4,9.4.1,EN_ATM_CO2,Carbon dioxide emissions from fuel combustion (millions of tonnes),600.0,Paraguay,2017.0,7.65,2017.0,,,,,"IEA (2022), Greenhouse gas emissions from energy. https://www.iea.org/statistics",,,TOTAL,,,,,E,,G,,,TONNES_M
9.0,9.4,9.4.1,EN_ATM_CO2,Carbon dioxide emissions from fuel combustion (millions of tonnes),600.0,Paraguay,2018.0,0.22,2018.0,,,,,"IEA (2022), Greenhouse gas emissions from energy. https://www.iea.org/statistics",,,ISIC4_C10T32X19,,,,,E,,G,,,TONNES_M
9.0,9.4,9.4.1,EN_ATM_CO2,Carbon dioxide emissions from fuel combustion (millions of tonnes),600.0,Paraguay,2018.0,8.06,2018.0,,,,,"IEA (2022), Greenhouse gas emissions from energy. https://www.iea.org/statistics",,,TOTAL,,,,,E,,G,,,TONNES_M
9.0,9.4,9.4.1,EN_ATM_CO2,Carbon dioxide emissions from fuel combustion (millions of tonnes),600.0,Paraguay,2019.0,7.81,2019.0,,,,,"IEA (2022), Greenhouse gas emissions from energy. https://www.iea.org/statistics",,,TOTAL,,,,,E,,G,,,TONNES_M
9.0,9.4,9.4.1,EN_ATM_CO2,Carbon dioxide emissions from fuel combustion (millions of tonnes),600.0,Paraguay,2019.0,0.19,2019.0,,,,,"IEA (2022), Greenhouse gas emissions from energy. https://www.iea.org/statistics",,,ISIC4_C10T32X19,,,,,E,,G,,,TONNES_M
9.0,9.4,9.4.1,EN_ATM_CO2,Carbon dioxide emissions from fuel combustion (millions of tonnes),600.0,Paraguay,2020.0,0.17,2020.0,,,,,"IEA (2022), Greenhouse gas emissions from energy. https://www.iea.org/statistics",,,ISIC4_C10T32X19,,,,,E,,G,,,TONNES_M
9.0,9.4,9.4.1,EN_ATM_CO2,Carbon dioxide emissions from fuel combustion (millions of tonnes),600.0,Paraguay,2020.0,7.31,2020.0,,,,,"IEA (2022), Greenhouse gas emissions from energy. https://www.iea.org/statistics",,,TOTAL,,,,,E,,G,,,TONNES_M
9.0,9.4,9.4.1,EN_ATM_CO2MVA,Carbon dioxide emissions per unit of manufacturing value added (kilogrammes of CO2 per constant 2015 United States dollars),600.0,Paraguay,2000.0,0.052,2000.0,,,,2015.0,"UNIDO National Accounts Database. Available at https://stat.unido.org. IEA (2022), Greenhouse gas emissions from energy. https://www.iea.org/statistics",,,ISIC4_C,,,,,E,A,G,,,KG_PER_CON_USD
9.0,9.4,9.4.1,EN_ATM_CO2MVA,Carbon dioxide emissions per unit of manufacturing value added (kilogrammes of CO2 per constant 2015 United States dollars),600.0,Paraguay,2001.0,0.049,2001.0,,,,2015.0,"UNIDO National Accounts Database. Available at https://stat.unido.org. IEA (2022), Greenhouse gas emissions from energy. https://www.iea.org/statistics",,,ISIC4_C,,,,,E,A,G,,,KG_PER_CON_USD
9.0,9.4,9.4.1,EN_ATM_CO2MVA,Carbon dioxide emissions per unit of manufacturing value added (kilogrammes of CO2 per constant 2015 United States dollars),600.0,Paraguay,2002.0,0.049,2002.0,,,,2015.0,"UNIDO National Accounts Database. Available at https://stat.unido.org. IEA (2022), Greenhouse gas emissions from energy. https://www.iea.org/statistics",,,ISIC4_C,,,,,E,A,G,,,KG_PER_CON_USD
9.0,9.4,9.4.1,EN_ATM_CO2MVA,Carbon dioxide emissions per unit of manufacturing value added (kilogrammes of CO2 per constant 2015 United States dollars),600.0,Paraguay,2003.0,0.033,2003.0,,,,2015.0,"UNIDO National Accounts Database. Available at https://stat.unido.org. IEA (2022), Greenhouse gas emissions from energy. https://www.iea.org/statistics",,,ISIC4_C,,,,,E,A,G,,,KG_PER_CON_USD
9.0,9.4,9.4.1,EN_ATM_CO2MVA,Carbon dioxide emissions per unit of manufacturing value added (kilogrammes of CO2 per constant 2015 United States dollars),600.0,Paraguay,2004.0,0.04,2004.0,,,,2015.0,"UNIDO National Accounts Database. Available at https://stat.unido.org. IEA (2022), Greenhouse gas emissions from energy. https://www.iea.org/statistics",,,ISIC4_C,,,,,E,A,G,,,KG_PER_CON_USD
9.0,9.4,9.4.1,EN_ATM_CO2MVA,Carbon dioxide emissions per unit of manufacturing value added (kilogrammes of CO2 per constant 2015 United States dollars),600.0,Paraguay,2005.0,0.044,2005.0,,,,2015.0,"UNIDO National Accounts Database. Available at https://stat.unido.org. IEA (2022), Greenhouse gas emissions from energy. https://www.iea.org/statistics",,,ISIC4_C,,,,,E,A,G,,,KG_PER_CON_USD
9.0,9.4,9.4.1,EN_ATM_CO2MVA,Carbon dioxide emissions per unit of manufacturing value added (kilogrammes of CO2 per constant 2015 United States dollars),600.0,Paraguay,2006.0,0.032,2006.0,,,,2015.0,"UNIDO National Accounts Database. Available at https://stat.unido.org. IEA (2022), Greenhouse gas emissions from energy. https://www.iea.org/statistics",,,ISIC4_C,,,,,E,A,G,,,KG_PER_CON_USD
9.0,9.4,9.4.1,EN_ATM_CO2MVA,Carbon dioxide emissions per unit of manufacturing value added (kilogrammes of CO2 per constant 2015 United States dollars),600.0,Paraguay,2007.0,0.019,2007.0,,,,2015.0,"UNIDO National Accounts Database. Available at https://stat.unido.org. IEA (2022), Greenhouse gas emissions from energy. https://www.iea.org/statistics",,,ISIC4_C,,,,,E,A,G,,,KG_PER_CON_USD
9.0,9.4,9.4.1,EN_ATM_CO2MVA,Carbon dioxide emissions per unit of manufacturing value added (kilogrammes of CO2 per constant 2015 United States dollars),600.0,Paraguay,2008.0,0.019,2008.0,,,,2015.0,"UNIDO National Accounts Database. Available at https://stat.unido.org. IEA (2022), Greenhouse gas emissions from energy. https://www.iea.org/statistics",,,ISIC4_C,,,,,E,A,G,,,KG_PER_CON_USD
9.0,9.4,9.4.1,EN_ATM_CO2MVA,Carbon dioxide emissions per unit of manufacturing value added (kilogrammes of CO2 per constant 2015 United States dollars),600.0,Paraguay,2009.0,0.027,2009.0,,,,2015.0,"UNIDO National Accounts Database. Available at https://stat.unido.org. IEA (2022), Greenhouse gas emissions from energy. https://www.iea.org/statistics",,,ISIC4_C,,,,,E,A,G,,,KG_PER_CON_USD
9.0,9.4,9.4.1,EN_ATM_CO2MVA,Carbon dioxide emissions per unit of manufacturing value added (kilogrammes of CO2 per constant 2015 United States dollars),600.0,Paraguay,2010.0,0.028,2010.0,,,,2015.0,"UNIDO National Accounts Database. Available at https://stat.unido.org. IEA (2022), Greenhouse gas emissions from energy. https://www.iea.org/statistics",,,ISIC4_C,,,,,E,A,G,,,KG_PER_CON_USD
9.0,9.4,9.4.1,EN_ATM_CO2MVA,Carbon dioxide emissions per unit of manufacturing value added (kilogrammes of CO2 per constant 2015 United States dollars),600.0,Paraguay,2011.0,0.025,2011.0,,,,2015.0,"UNIDO National Accounts Database. Available at https://stat.unido.org. IEA (2022), Greenhouse gas emissions from energy. https://www.iea.org/statistics",,,ISIC4_C,,,,,E,A,G,,,KG_PER_CON_USD
9.0,9.4,9.4.1,EN_ATM_CO2MVA,Carbon dioxide emissions per unit of manufacturing value added (kilogrammes of CO2 per constant 2015 United States dollars),600.0,Paraguay,2012.0,0.043,2012.0,,,,2015.0,"UNIDO National Accounts Database. Available at https://stat.unido.org. IEA (2022), Greenhouse gas emissions from energy. https://www.iea.org/statistics",,,ISIC4_C,,,,,E,A,G,,,KG_PER_CON_USD
9.0,9.4,9.4.1,EN_ATM_CO2MVA,Carbon dioxide emissions per unit of manufacturing value added (kilogrammes of CO2 per constant 2015 United States dollars),600.0,Paraguay,2013.0,0.019,2013.0,,,,2015.0,"UNIDO National Accounts Database. Available at https://stat.unido.org. IEA (2022), Greenhouse gas emissions from energy. https://www.iea.org/statistics",,,ISIC4_C,,,,,E,A,G,,,KG_PER_CON_USD
9.0,9.4,9.4.1,EN_ATM_CO2MVA,Carbon dioxide emissions per unit of manufacturing value added (kilogrammes of CO2 per constant 2015 United States dollars),600.0,Paraguay,2014.0,0.027,2014.0,,,,2015.0,"UNIDO National Accounts Database. Available at https://stat.unido.org. IEA (2022), Greenhouse gas emissions from energy. https://www.iea.org/statistics",,,ISIC4_C,,,,,E,A,G,,,KG_PER_CON_USD
9.0,9.4,9.4.1,EN_ATM_CO2MVA,Carbon dioxide emissions per unit of manufacturing value added (kilogrammes of CO2 per constant 2015 United States dollars),600.0,Paraguay,2015.0,0.047,2015.0,,,,2015.0,"UNIDO National Accounts Database. Available at https://stat.unido.org. IEA (2022), Greenhouse gas emissions from energy. https://www.iea.org/statistics",,,ISIC4_C,,,,,E,A,G,,,KG_PER_CON_USD
9.0,9.4,9.4.1,EN_ATM_CO2MVA,Carbon dioxide emissions per unit of manufacturing value added (kilogrammes of CO2 per constant 2015 United States dollars),600.0,Paraguay,2016.0,0.026,2016.0,,,,2015.0,"UNIDO National Accounts Database. Available at https://stat.unido.org. IEA (2022), Greenhouse gas emissions from energy. https://www.iea.org/statistics",,,ISIC4_C,,,,,E,A,G,,,KG_PER_CON_USD
9.0,9.4,9.4.1,EN_ATM_CO2MVA,Carbon dioxide emissions per unit of manufacturing value added (kilogrammes of CO2 per constant 2015 United States dollars),600.0,Paraguay,2017.0,0.023,2017.0,,,,2015.0,"UNIDO National Accounts Database. Available at https://stat.unido.org. IEA (2022), Greenhouse gas emissions from energy. https://www.iea.org/statistics",,,ISIC4_C,,,,,E,A,G,,,KG_PER_CON_USD
9.0,9.4,9.4.1,EN_ATM_CO2MVA,Carbon dioxide emissions per unit of manufacturing value added (kilogrammes of CO2 per constant 2015 United States dollars),600.0,Paraguay,2018.0,0.028,2018.0,,,,2015.0,"UNIDO National Accounts Database. Available at https://stat.unido.org. IEA (2022), Greenhouse gas emissions from energy. https://www.iea.org/statistics",,,ISIC4_C,,,,,E,A,G,,,KG_PER_CON_USD
9.0,9.4,9.4.1,EN_ATM_CO2MVA,Carbon dioxide emissions per unit of manufacturing value added (kilogrammes of CO2 per constant 2015 United States dollars),600.0,Paraguay,2019.0,0.024,2019.0,,,,2015.0,"UNIDO National Accounts Database. Available at https://stat.unido.org. IEA (2022), Greenhouse gas emissions from energy. https://www.iea.org/statistics",,,ISIC4_C,,,,,E,A,G,,,KG_PER_CON_USD
9.0,9.4,9.4.1,EN_ATM_CO2MVA,Carbon dioxide emissions per unit of manufacturing value added (kilogrammes of CO2 per constant 2015 United States dollars),600.0,Paraguay,2020.0,0.022,2020.0,,,,2015.0,"UNIDO National Accounts Database. Available at https://stat.unido.org. IEA (2022), Greenhouse gas emissions from energy. https://www.iea.org/statistics",,,ISIC4_C,,,,,E,A,G,,,KG_PER_CON_USD
9.0,9.4,9.4.1,EN_ATM_CO2GDP,Carbon dioxide emissions per unit of GDP PPP (kilogrammes of CO2 per constant 2017 United States dollars),600.0,Paraguay,2000.0,0.072,2000.0,,,,2017.0,"IEA (2022), Greenhouse gas emissions from energy. https://www.iea.org/statistics",,,,,,,,E,,G,,,KG_PER_CON_USD
9.0,9.4,9.4.1,EN_ATM_CO2GDP,Carbon dioxide emissions per unit of GDP PPP (kilogrammes of CO2 per constant 2017 United States dollars),600.0,Paraguay,2001.0,0.076,2001.0,,,,2017.0,"IEA (2022), Greenhouse gas emissions from energy. https://www.iea.org/statistics",,,,,,,,E,,G,,,KG_PER_CON_USD
9.0,9.4,9.4.1,EN_ATM_CO2GDP,Carbon dioxide emissions per unit of GDP PPP (kilogrammes of CO2 per constant 2017 United States dollars),600.0,Paraguay,2002.0,0.08,2002.0,,,,2017.0,"IEA (2022), Greenhouse gas emissions from energy. https://www.iea.org/statistics",,,,,,,,E,,G,,,KG_PER_CON_USD
9.0,9.4,9.4.1,EN_ATM_CO2GDP,Carbon dioxide emissions per unit of GDP PPP (kilogrammes of CO2 per constant 2017 United States dollars),600.0,Paraguay,2003.0,0.079,2003.0,,,,2017.0,"IEA (2022), Greenhouse gas emissions from energy. https://www.iea.org/statistics",,,,,,,,E,,G,,,KG_PER_CON_USD
9.0,9.4,9.4.1,EN_ATM_CO2GDP,Carbon dioxide emissions per unit of GDP PPP (kilogrammes of CO2 per constant 2017 United States dollars),600.0,Paraguay,2004.0,0.077,2004.0,,,,2017.0,"IEA (2022), Greenhouse gas emissions from energy. https://www.iea.org/statistics",,,,,,,,E,,G,,,KG_PER_CON_USD
9.0,9.4,9.4.1,EN_ATM_CO2GDP,Carbon dioxide emissions per unit of GDP PPP (kilogrammes of CO2 per constant 2017 United States dollars),600.0,Paraguay,2005.0,0.07,2005.0,,,,2017.0,"IEA (2022), Greenhouse gas emissions from energy. https://www.iea.org/statistics",,,,,,,,E,,G,,,KG_PER_CON_USD
9.0,9.4,9.4.1,EN_ATM_CO2GDP,Carbon dioxide emissions per unit of GDP PPP (kilogrammes of CO2 per constant 2017 United States dollars),600.0,Paraguay,2006.0,0.071,2006.0,,,,2017.0,"IEA (2022), Greenhouse gas emissions from energy. https://www.iea.org/statistics",,,,,,,,E,,G,,,KG_PER_CON_USD
9.0,9.4,9.4.1,EN_ATM_CO2GDP,Carbon dioxide emissions per unit of GDP PPP (kilogrammes of CO2 per constant 2017 United States dollars),600.0,Paraguay,2007.0,0.064,2007.0,,,,2017.0,"IEA (2022), Greenhouse gas emissions from energy. https://www.iea.org/statistics",,,,,,,,E,,G,,,KG_PER_CON_USD
9.0,9.4,9.4.1,EN_ATM_CO2GDP,Carbon dioxide emissions per unit of GDP PPP (kilogrammes of CO2 per constant 2017 United States dollars),600.0,Paraguay,2008.0,0.07,2008.0,,,,2017.0,"IEA (2022), Greenhouse gas emissions from energy. https://www.iea.org/statistics",,,,,,,,E,,G,,,KG_PER_CON_USD
9.0,9.4,9.4.1,EN_ATM_CO2GDP,Carbon dioxide emissions per unit of GDP PPP (kilogrammes of CO2 per constant 2017 United States dollars),600.0,Paraguay,2009.0,0.073,2009.0,,,,2017.0,"IEA (2022), Greenhouse gas emissions from energy. https://www.iea.org/statistics",,,,,,,,E,,G,,,KG_PER_CON_USD
9.0,9.4,9.4.1,EN_ATM_CO2GDP,Carbon dioxide emissions per unit of GDP PPP (kilogrammes of CO2 per constant 2017 United States dollars),600.0,Paraguay,2010.0,0.074,2010.0,,,,2017.0,"IEA (2022), Greenhouse gas emissions from energy. https://www.iea.org/statistics",,,,,,,,E,,G,,,KG_PER_CON_USD
9.0,9.4,9.4.1,EN_ATM_CO2GDP,Carbon dioxide emissions per unit of GDP PPP (kilogrammes of CO2 per constant 2017 United States dollars),600.0,Paraguay,2011.0,0.074,2011.0,,,,2017.0,"IEA (2022), Greenhouse gas emissions from energy. https://www.iea.org/statistics",,,,,,,,E,,G,,,KG_PER_CON_USD
9.0,9.4,9.4.1,EN_ATM_CO2GDP,Carbon dioxide emissions per unit of GDP PPP (kilogrammes of CO2 per constant 2017 United States dollars),600.0,Paraguay,2012.0,0.072,2012.0,,,,2017.0,"IEA (2022), Greenhouse gas emissions from energy. https://www.iea.org/statistics",,,,,,,,E,,G,,,KG_PER_CON_USD
9.0,9.4,9.4.1,EN_ATM_CO2GDP,Carbon dioxide emissions per unit of GDP PPP (kilogrammes of CO2 per constant 2017 United States dollars),600.0,Paraguay,2013.0,0.07,2013.0,,,,2017.0,"IEA (2022), Greenhouse gas emissions from energy. https://www.iea.org/statistics",,,,,,,,E,,G,,,KG_PER_CON_USD
9.0,9.4,9.4.1,EN_ATM_CO2GDP,Carbon dioxide emissions per unit of GDP PPP (kilogrammes of CO2 per constant 2017 United States dollars),600.0,Paraguay,2014.0,0.07,2014.0,,,,2017.0,"IEA (2022), Greenhouse gas emissions from energy. https://www.iea.org/statistics",,,,,,,,E,,G,,,KG_PER_CON_USD
9.0,9.4,9.4.1,EN_ATM_CO2GDP,Carbon dioxide emissions per unit of GDP PPP (kilogrammes of CO2 per constant 2017 United States dollars),600.0,Paraguay,2015.0,0.076,2015.0,,,,2017.0,"IEA (2022), Greenhouse gas emissions from energy. https://www.iea.org/statistics",,,,,,,,E,,G,,,KG_PER_CON_USD
9.0,9.4,9.4.1,EN_ATM_CO2GDP,Carbon dioxide emissions per unit of GDP PPP (kilogrammes of CO2 per constant 2017 United States dollars),600.0,Paraguay,2016.0,0.082,2016.0,,,,2017.0,"IEA (2022), Greenhouse gas emissions from energy. https://www.iea.org/statistics",,,,,,,,E,,G,,,KG_PER_CON_USD
9.0,9.4,9.4.1,EN_ATM_CO2GDP,Carbon dioxide emissions per unit of GDP PPP (kilogrammes of CO2 per constant 2017 United States dollars),600.0,Paraguay,2017.0,0.089,2017.0,,,,2017.0,"IEA (2022), Greenhouse gas emissions from energy. https://www.iea.org/statistics",,,,,,,,E,,G,,,KG_PER_CON_USD
9.0,9.4,9.4.1,EN_ATM_CO2GDP,Carbon dioxide emissions per unit of GDP PPP (kilogrammes of CO2 per constant 2017 United States dollars),600.0,Paraguay,2018.0,0.09,2018.0,,,,2017.0,"IEA (2022), Greenhouse gas emissions from energy. https://www.iea.org/statistics",,,,,,,,E,,G,,,KG_PER_CON_USD
9.0,9.4,9.4.1,EN_ATM_CO2GDP,Carbon dioxide emissions per unit of GDP PPP (kilogrammes of CO2 per constant 2017 United States dollars),600.0,Paraguay,2019.0,0.088,2019.0,,,,2017.0,"IEA (2022), Greenhouse gas emissions from energy. https://www.iea.org/statistics",,,,,,,,E,,G,,,KG_PER_CON_USD
9.0,9.4,9.4.1,EN_ATM_CO2GDP,Carbon dioxide emissions per unit of GDP PPP (kilogrammes of CO2 per constant 2017 United States dollars),600.0,Paraguay,2020.0,0.083,2020.0,,,,2017.0,"IEA (2022), Greenhouse gas emissions from energy. https://www.iea.org/statistics",,,,,,,,E,,G,,,KG_PER_CON_USD
9.0,9.5,9.5.2,GB_POP_SCIERD,"Researchers (in full-time equivalent) per million inhabitants (per 1,000,000 population)",600.0,Paraguay,2001.0,88.58892,2001.0,,,,,UNESCO Institute for Statistics.  Data extracted on 24 February 2023.,,,,,,,,C,,G,,,PER_1000000_POP
9.0,9.5,9.5.2,GB_POP_SCIERD,"Researchers (in full-time equivalent) per million inhabitants (per 1,000,000 population)",600.0,Paraguay,2002.0,82.2493,2002.0,,,,,UNESCO Institute for Statistics.  Data extracted on 24 February 2023.,,,,,,,,C,,G,,,PER_1000000_POP
9.0,9.5,9.5.2,GB_POP_SCIERD,"Researchers (in full-time equivalent) per million inhabitants (per 1,000,000 population)",600.0,Paraguay,2003.0,81.37784,2003.0,,,,,UNESCO Institute for Statistics.  Data extracted on 24 February 2023.,,,,,,,,C,,G,,,PER_1000000_POP
9.0,9.5,9.5.2,GB_POP_SCIERD,"Researchers (in full-time equivalent) per million inhabitants (per 1,000,000 population)",600.0,Paraguay,2004.0,86.39661,2004.0,,,,,UNESCO Institute for Statistics.  Data extracted on 24 February 2023.,,,,,,,,C,,G,,,PER_1000000_POP
9.0,9.5,9.5.2,GB_POP_SCIERD,"Researchers (in full-time equivalent) per million inhabitants (per 1,000,000 population)",600.0,Paraguay,2005.0,71.97684,2005.0,,,,,UNESCO Institute for Statistics.  Data extracted on 24 February 2023.,,,,,,,,C,,G,,,PER_1000000_POP
9.0,9.5,9.5.2,GB_POP_SCIERD,"Researchers (in full-time equivalent) per million inhabitants (per 1,000,000 population)",600.0,Paraguay,2008.0,76.6284,2008.0,,,,,UNESCO Institute for Statistics.  Data extracted on 24 February 2023.,,,,,,,,C,,G,,,PER_1000000_POP
9.0,9.5,9.5.2,GB_POP_SCIERD,"Researchers (in full-time equivalent) per million inhabitants (per 1,000,000 population)",600.0,Paraguay,2011.0,50.04755,2011.0,,,,,UNESCO Institute for Statistics.  Data extracted on 24 February 2023.,,Break in series with previous year for which data are available,,,,,,C,,G,,,PER_1000000_POP
9.0,9.5,9.5.2,GB_POP_SCIERD,"Researchers (in full-time equivalent) per million inhabitants (per 1,000,000 population)",600.0,Paraguay,2012.0,168.34039,2012.0,,,,,UNESCO Institute for Statistics.  Data extracted on 24 February 2023.,,Break in series with previous year for which data are available,,,,,,C,,G,,,PER_1000000_POP
9.0,9.5,9.5.2,GB_POP_SCIERD,"Researchers (in full-time equivalent) per million inhabitants (per 1,000,000 population)",600.0,Paraguay,2014.0,152.2079,2014.0,,,,,UNESCO Institute for Statistics.  Data extracted on 24 February 2023.,,Excluding Business enterprise,,,,,,C,,G,,,PER_1000000_POP
9.0,9.5,9.5.2,GB_POP_SCIERD,"Researchers (in full-time equivalent) per million inhabitants (per 1,000,000 population)",600.0,Paraguay,2015.0,182.69493,2015.0,,,,,UNESCO Institute for Statistics.  Data extracted on 24 February 2023.,,Excluding Business enterprise,,,,,,C,,G,,,PER_1000000_POP
9.0,9.5,9.5.2,GB_POP_SCIERD,"Researchers (in full-time equivalent) per million inhabitants (per 1,000,000 population)",600.0,Paraguay,2016.0,121.1058,2016.0,,,,,UNESCO Institute for Statistics.  Data extracted on 24 February 2023.,,Excluding Business enterprise,,,,,,C,,G,,,PER_1000000_POP
9.0,9.5,9.5.2,GB_POP_SCIERD,"Researchers (in full-time equivalent) per million inhabitants (per 1,000,000 population)",600.0,Paraguay,2017.0,135.13787,2017.0,,,,,UNESCO Institute for Statistics.  Data extracted on 24 February 2023.,,Excluding Business enterprise,,,,,,C,,G,,,PER_1000000_POP
9.0,9.5,9.5.2,GB_POP_SCIERD,"Researchers (in full-time equivalent) per million inhabitants (per 1,000,000 population)",600.0,Paraguay,2018.0,139.73415,2018.0,,,,,UNESCO Institute for Statistics.  Data extracted on 24 February 2023.,,Excluding Business enterprise,,,,,,C,,G,,,PER_1000000_POP
9.0,9.5,9.5.2,GB_POP_SCIERD,"Researchers (in full-time equivalent) per million inhabitants (per 1,000,000 population)",600.0,Paraguay,2019.0,155.57937,2019.0,,,,,UNESCO Institute for Statistics.  Data extracted on 24 February 2023.,,Excluding Business enterprise,,,,,,C,,G,,,PER_1000000_POP
9.0,9.5,9.5.2,GB_POP_SCIERD,"Researchers (in full-time equivalent) per million inhabitants (per 1,000,000 population)",600.0,Paraguay,2020.0,129.82756,2020.0,,,,,UNESCO Institute for Statistics.  Data extracted on 24 February 2023.,,Excluding Business enterprise,,,,,,C,,G,,,PER_1000000_POP
9.0,9.5,9.5.1,GB_XPD_RSDV,Research and development expenditure as a proportion of GDP (%),600.0,Paraguay,2001.0,0.06699,2001.0,,,,,UNESCO Institute for Statistics.  Data extracted on 24 February 2023.,,,,,,,,C,,G,,,PERCENT
9.0,9.5,9.5.1,GB_XPD_RSDV,Research and development expenditure as a proportion of GDP (%),600.0,Paraguay,2002.0,0.07493,2002.0,,,,,UNESCO Institute for Statistics.  Data extracted on 24 February 2023.,,,,,,,,C,,G,,,PERCENT
9.0,9.5,9.5.1,GB_XPD_RSDV,Research and development expenditure as a proportion of GDP (%),600.0,Paraguay,2003.0,0.06135,2003.0,,,,,UNESCO Institute for Statistics.  Data extracted on 24 February 2023.,,,,,,,,C,,G,,,PERCENT
9.0,9.5,9.5.1,GB_XPD_RSDV,Research and development expenditure as a proportion of GDP (%),600.0,Paraguay,2004.0,0.06066,2004.0,,,,,UNESCO Institute for Statistics.  Data extracted on 24 February 2023.,,,,,,,,C,,G,,,PERCENT
9.0,9.5,9.5.1,GB_XPD_RSDV,Research and development expenditure as a proportion of GDP (%),600.0,Paraguay,2005.0,0.06091,2005.0,,,,,UNESCO Institute for Statistics.  Data extracted on 24 February 2023.,,,,,,,,C,,G,,,PERCENT
9.0,9.5,9.5.1,GB_XPD_RSDV,Research and development expenditure as a proportion of GDP (%),600.0,Paraguay,2008.0,0.04113,2008.0,,,,,UNESCO Institute for Statistics.  Data extracted on 24 February 2023.,,,,,,,,C,,G,,,PERCENT
9.0,9.5,9.5.1,GB_XPD_RSDV,Research and development expenditure as a proportion of GDP (%),600.0,Paraguay,2011.0,0.04216,2011.0,,,,,UNESCO Institute for Statistics.  Data extracted on 24 February 2023.,,,,,,,,C,,G,,,PERCENT
9.0,9.5,9.5.1,GB_XPD_RSDV,Research and development expenditure as a proportion of GDP (%),600.0,Paraguay,2012.0,0.06517,2012.0,,,,,UNESCO Institute for Statistics.  Data extracted on 24 February 2023.,,,,,,,,C,,G,,,PERCENT
9.0,9.5,9.5.1,GB_XPD_RSDV,Research and development expenditure as a proportion of GDP (%),600.0,Paraguay,2013.0,0.07163,2013.0,,,,,UNESCO Institute for Statistics.  Data extracted on 24 February 2023.,,Excluding Business enterprise,,,,,,C,,G,,,PERCENT
9.0,9.5,9.5.1,GB_XPD_RSDV,Research and development expenditure as a proportion of GDP (%),600.0,Paraguay,2014.0,0.07901,2014.0,,,,,UNESCO Institute for Statistics.  Data extracted on 24 February 2023.,,Excluding Business enterprise,,,,,,C,,G,,,PERCENT
9.0,9.5,9.5.1,GB_XPD_RSDV,Research and development expenditure as a proportion of GDP (%),600.0,Paraguay,2015.0,0.09674,2015.0,,,,,UNESCO Institute for Statistics.  Data extracted on 24 February 2023.,,Excluding Business enterprise,,,,,,C,,G,,,PERCENT
9.0,9.5,9.5.1,GB_XPD_RSDV,Research and development expenditure as a proportion of GDP (%),600.0,Paraguay,2016.0,0.11676,2016.0,,,,,UNESCO Institute for Statistics.  Data extracted on 24 February 2023.,,Excluding Business enterprise,,,,,,C,,G,,,PERCENT
9.0,9.5,9.5.1,GB_XPD_RSDV,Research and development expenditure as a proportion of GDP (%),600.0,Paraguay,2017.0,0.14888,2017.0,,,,,UNESCO Institute for Statistics.  Data extracted on 24 February 2023.,,Excluding Business enterprise,,,,,,C,,G,,,PERCENT
9.0,9.5,9.5.1,GB_XPD_RSDV,Research and development expenditure as a proportion of GDP (%),600.0,Paraguay,2018.0,0.14684,2018.0,,,,,UNESCO Institute for Statistics.  Data extracted on 24 February 2023.,,Excluding Business enterprise,,,,,,C,,G,,,PERCENT
9.0,9.5,9.5.1,GB_XPD_RSDV,Research and development expenditure as a proportion of GDP (%),600.0,Paraguay,2019.0,0.13751,2019.0,,,,,UNESCO Institute for Statistics.  Data extracted on 24 February 2023.,,Excluding Business enterprise,,,,,,C,,G,,,PERCENT
9.0,9.5,9.5.1,GB_XPD_RSDV,Research and development expenditure as a proportion of GDP (%),600.0,Paraguay,2020.0,0.15697,2020.0,,,,,UNESCO Institute for Statistics.  Data extracted on 24 February 2023.,,Excluding Business enterprise,,,,,,C,,G,,,PERCENT
9.0,9.a,9.a.1,DC_TOF_INFRAL,"Total official flows for infrastructure, by recipient countries (millions of constant 2021 United States dollars)",600.0,Paraguay,2000.0,100.73893,2000.0,,,,2021.0,The Organisation for Economic Co-operation and Development (OECD).,,"Commitments, Based on OECD, CRS databased, 2023,Constant 2021 USD million",,,,,,C,,G,,,CON_USD_M
9.0,9.a,9.a.1,DC_TOF_INFRAL,"Total official flows for infrastructure, by recipient countries (millions of constant 2021 United States dollars)",600.0,Paraguay,2001.0,170.36891,2001.0,,,,2021.0,The Organisation for Economic Co-operation and Development (OECD).,,"Commitments, Based on OECD, CRS databased, 2023,Constant 2021 USD million",,,,,,C,,G,,,CON_USD_M
9.0,9.a,9.a.1,DC_TOF_INFRAL,"Total official flows for infrastructure, by recipient countries (millions of constant 2021 United States dollars)",600.0,Paraguay,2002.0,2.23088,2002.0,,,,2021.0,The Organisation for Economic Co-operation and Development (OECD).,,"Commitments, Based on OECD, CRS databased, 2023,Constant 2021 USD million",,,,,,C,,G,,,CON_USD_M
9.0,9.a,9.a.1,DC_TOF_INFRAL,"Total official flows for infrastructure, by recipient countries (millions of constant 2021 United States dollars)",600.0,Paraguay,2003.0,10.42982,2003.0,,,,2021.0,The Organisation for Economic Co-operation and Development (OECD).,,"Commitments, Based on OECD, CRS databased, 2023,Constant 2021 USD million",,,,,,C,,G,,,CON_USD_M
9.0,9.a,9.a.1,DC_TOF_INFRAL,"Total official flows for infrastructure, by recipient countries (millions of constant 2021 United States dollars)",600.0,Paraguay,2004.0,5.07828,2004.0,,,,2021.0,The Organisation for Economic Co-operation and Development (OECD).,,"Commitments, Based on OECD, CRS databased, 2023,Constant 2021 USD million",,,,,,C,,G,,,CON_USD_M
9.0,9.a,9.a.1,DC_TOF_INFRAL,"Total official flows for infrastructure, by recipient countries (millions of constant 2021 United States dollars)",600.0,Paraguay,2005.0,4.83816,2005.0,,,,2021.0,The Organisation for Economic Co-operation and Development (OECD).,,"Commitments, Based on OECD, CRS databased, 2023,Constant 2021 USD million",,,,,,C,,G,,,CON_USD_M
9.0,9.a,9.a.1,DC_TOF_INFRAL,"Total official flows for infrastructure, by recipient countries (millions of constant 2021 United States dollars)",600.0,Paraguay,2006.0,20.09318,2006.0,,,,2021.0,The Organisation for Economic Co-operation and Development (OECD).,,"Commitments, Based on OECD, CRS databased, 2023,Constant 2021 USD million",,,,,,C,,G,,,CON_USD_M
9.0,9.a,9.a.1,DC_TOF_INFRAL,"Total official flows for infrastructure, by recipient countries (millions of constant 2021 United States dollars)",600.0,Paraguay,2007.0,5.80446,2007.0,,,,2021.0,The Organisation for Economic Co-operation and Development (OECD).,,"Commitments, Based on OECD, CRS databased, 2023,Constant 2021 USD million",,,,,,C,,G,,,CON_USD_M
9.0,9.a,9.a.1,DC_TOF_INFRAL,"Total official flows for infrastructure, by recipient countries (millions of constant 2021 United States dollars)",600.0,Paraguay,2008.0,24.60333,2008.0,,,,2021.0,The Organisation for Economic Co-operation and Development (OECD).,,"Commitments, Based on OECD, CRS databased, 2023,Constant 2021 USD million",,,,,,C,,G,,,CON_USD_M
9.0,9.a,9.a.1,DC_TOF_INFRAL,"Total official flows for infrastructure, by recipient countries (millions of constant 2021 United States dollars)",600.0,Paraguay,2009.0,134.89923,2009.0,,,,2021.0,The Organisation for Economic Co-operation and Development (OECD).,,"Commitments, Based on OECD, CRS databased, 2023,Constant 2021 USD million",,,,,,C,,G,,,CON_USD_M
9.0,9.a,9.a.1,DC_TOF_INFRAL,"Total official flows for infrastructure, by recipient countries (millions of constant 2021 United States dollars)",600.0,Paraguay,2010.0,125.2191,2010.0,,,,2021.0,The Organisation for Economic Co-operation and Development (OECD).,,"Commitments, Based on OECD, CRS databased, 2023,Constant 2021 USD million",,,,,,C,,G,,,CON_USD_M
9.0,9.a,9.a.1,DC_TOF_INFRAL,"Total official flows for infrastructure, by recipient countries (millions of constant 2021 United States dollars)",600.0,Paraguay,2011.0,100.88246,2011.0,,,,2021.0,The Organisation for Economic Co-operation and Development (OECD).,,"Commitments, Based on OECD, CRS databased, 2023,Constant 2021 USD million",,,,,,C,,G,,,CON_USD_M
9.0,9.a,9.a.1,DC_TOF_INFRAL,"Total official flows for infrastructure, by recipient countries (millions of constant 2021 United States dollars)",600.0,Paraguay,2012.0,104.57993,2012.0,,,,2021.0,The Organisation for Economic Co-operation and Development (OECD).,,"Commitments, Based on OECD, CRS databased, 2023,Constant 2021 USD million",,,,,,C,,G,,,CON_USD_M
9.0,9.a,9.a.1,DC_TOF_INFRAL,"Total official flows for infrastructure, by recipient countries (millions of constant 2021 United States dollars)",600.0,Paraguay,2013.0,72.50275,2013.0,,,,2021.0,The Organisation for Economic Co-operation and Development (OECD).,,"Commitments, Based on OECD, CRS databased, 2023,Constant 2021 USD million",,,,,,C,,G,,,CON_USD_M
9.0,9.a,9.a.1,DC_TOF_INFRAL,"Total official flows for infrastructure, by recipient countries (millions of constant 2021 United States dollars)",600.0,Paraguay,2014.0,156.65041,2014.0,,,,2021.0,The Organisation for Economic Co-operation and Development (OECD).,,"Commitments, Based on OECD, CRS databased, 2023,Constant 2021 USD million",,,,,,C,,G,,,CON_USD_M
9.0,9.a,9.a.1,DC_TOF_INFRAL,"Total official flows for infrastructure, by recipient countries (millions of constant 2021 United States dollars)",600.0,Paraguay,2015.0,147.7927,2015.0,,,,2021.0,The Organisation for Economic Co-operation and Development (OECD).,,"Commitments, Based on OECD, CRS databased, 2023,Constant 2021 USD million",,,,,,C,,G,,,CON_USD_M
9.0,9.a,9.a.1,DC_TOF_INFRAL,"Total official flows for infrastructure, by recipient countries (millions of constant 2021 United States dollars)",600.0,Paraguay,2016.0,196.04143,2016.0,,,,2021.0,The Organisation for Economic Co-operation and Development (OECD).,,"Commitments, Based on OECD, CRS databased, 2023,Constant 2021 USD million",,,,,,C,,G,,,CON_USD_M
9.0,9.a,9.a.1,DC_TOF_INFRAL,"Total official flows for infrastructure, by recipient countries (millions of constant 2021 United States dollars)",600.0,Paraguay,2017.0,231.6887,2017.0,,,,2021.0,The Organisation for Economic Co-operation and Development (OECD).,,"Commitments, Based on OECD, CRS databased, 2023,Constant 2021 USD million",,,,,,C,,G,,,CON_USD_M
9.0,9.a,9.a.1,DC_TOF_INFRAL,"Total official flows for infrastructure, by recipient countries (millions of constant 2021 United States dollars)",600.0,Paraguay,2018.0,346.17387,2018.0,,,,2021.0,The Organisation for Economic Co-operation and Development (OECD).,,"Commitments, Based on OECD, CRS databased, 2023,Constant 2021 USD million",,,,,,C,,G,,,CON_USD_M
9.0,9.a,9.a.1,DC_TOF_INFRAL,"Total official flows for infrastructure, by recipient countries (millions of constant 2021 United States dollars)",600.0,Paraguay,2019.0,410.10425,2019.0,,,,2021.0,The Organisation for Economic Co-operation and Development (OECD).,,"Commitments, Based on OECD, CRS databased, 2023,Constant 2021 USD million",,,,,,C,,G,,,CON_USD_M
9.0,9.a,9.a.1,DC_TOF_INFRAL,"Total official flows for infrastructure, by recipient countries (millions of constant 2021 United States dollars)",600.0,Paraguay,2020.0,370.58909,2020.0,,,,2021.0,The Organisation for Economic Co-operation and Development (OECD).,,"Commitments, Based on OECD, CRS databased, 2023,Constant 2021 USD million",,,,,,C,,G,,,CON_USD_M
9.0,9.a,9.a.1,DC_TOF_INFRAL,"Total official flows for infrastructure, by recipient countries (millions of constant 2021 United States dollars)",600.0,Paraguay,2021.0,374.58211,2021.0,,,,2021.0,The Organisation for Economic Co-operation and Development (OECD).,,"Commitments, Based on OECD, CRS databased, 2023,Constant 2021 USD million",,,,,,C,,G,,,CON_USD_M
9.0,9.b,9.b.1,NV_IND_TECH,Proportion of medium and high-tech manufacturing value added in total value added (%),600.0,Paraguay,2000.0,10.85,2000.0,,,,,UNIDO CIP Database. Available at https://stat.unido.org,,,ISIC4_C,,,,,CA,A,G,,,PERCENT
9.0,9.b,9.b.1,NV_IND_TECH,Proportion of medium and high-tech manufacturing value added in total value added (%),600.0,Paraguay,2001.0,10.85,2001.0,,,,,UNIDO CIP Database. Available at https://stat.unido.org,,,ISIC4_C,,,,,CA,A,G,,,PERCENT
9.0,9.b,9.b.1,NV_IND_TECH,Proportion of medium and high-tech manufacturing value added in total value added (%),600.0,Paraguay,2002.0,12.87,2002.0,,,,,UNIDO CIP Database. Available at https://stat.unido.org,,,ISIC4_C,,,,,CA,A,G,,,PERCENT
9.0,9.b,9.b.1,NV_IND_TECH,Proportion of medium and high-tech manufacturing value added in total value added (%),600.0,Paraguay,2003.0,11.12,2003.0,,,,,UNIDO CIP Database. Available at https://stat.unido.org,,,ISIC4_C,,,,,CA,A,G,,,PERCENT
9.0,9.b,9.b.1,NV_IND_TECH,Proportion of medium and high-tech manufacturing value added in total value added (%),600.0,Paraguay,2004.0,11.12,2004.0,,,,,UNIDO CIP Database. Available at https://stat.unido.org,,,ISIC4_C,,,,,CA,A,G,,,PERCENT
9.0,9.b,9.b.1,NV_IND_TECH,Proportion of medium and high-tech manufacturing value added in total value added (%),600.0,Paraguay,2005.0,11.12,2005.0,,,,,UNIDO CIP Database. Available at https://stat.unido.org,,,ISIC4_C,,,,,CA,A,G,,,PERCENT
9.0,9.b,9.b.1,NV_IND_TECH,Proportion of medium and high-tech manufacturing value added in total value added (%),600.0,Paraguay,2006.0,12.88,2006.0,,,,,UNIDO CIP Database. Available at https://stat.unido.org,,,ISIC4_C,,,,,CA,A,G,,,PERCENT
9.0,9.b,9.b.1,NV_IND_TECH,Proportion of medium and high-tech manufacturing value added in total value added (%),600.0,Paraguay,2007.0,21.26,2007.0,,,,,UNIDO CIP Database. Available at https://stat.unido.org,,,ISIC4_C,,,,,CA,A,G,,,PERCENT
9.0,9.b,9.b.1,NV_IND_TECH,Proportion of medium and high-tech manufacturing value added in total value added (%),600.0,Paraguay,2008.0,21.26,2008.0,,,,,UNIDO CIP Database. Available at https://stat.unido.org,,,ISIC4_C,,,,,CA,A,G,,,PERCENT
9.0,9.b,9.b.1,NV_IND_TECH,Proportion of medium and high-tech manufacturing value added in total value added (%),600.0,Paraguay,2009.0,21.26,2009.0,,,,,UNIDO CIP Database. Available at https://stat.unido.org,,,ISIC4_C,,,,,CA,A,G,,,PERCENT
9.0,9.b,9.b.1,NV_IND_TECH,Proportion of medium and high-tech manufacturing value added in total value added (%),600.0,Paraguay,2010.0,21.71,2010.0,,,,,UNIDO CIP Database. Available at https://stat.unido.org,,,ISIC4_C,,,,,CA,A,G,,,PERCENT
9.0,9.b,9.b.1,NV_IND_TECH,Proportion of medium and high-tech manufacturing value added in total value added (%),600.0,Paraguay,2011.0,21.83,2011.0,,,,,UNIDO CIP Database. Available at https://stat.unido.org,,,ISIC4_C,,,,,CA,A,G,,,PERCENT
9.0,9.b,9.b.1,NV_IND_TECH,Proportion of medium and high-tech manufacturing value added in total value added (%),600.0,Paraguay,2012.0,21.83,2012.0,,,,,UNIDO CIP Database. Available at https://stat.unido.org,,,ISIC4_C,,,,,CA,A,G,,,PERCENT
9.0,9.b,9.b.1,NV_IND_TECH,Proportion of medium and high-tech manufacturing value added in total value added (%),600.0,Paraguay,2013.0,21.83,2013.0,,,,,UNIDO CIP Database. Available at https://stat.unido.org,,,ISIC4_C,,,,,CA,A,G,,,PERCENT
9.0,9.b,9.b.1,NV_IND_TECH,Proportion of medium and high-tech manufacturing value added in total value added (%),600.0,Paraguay,2014.0,21.83,2014.0,,,,,UNIDO CIP Database. Available at https://stat.unido.org,,,ISIC4_C,,,,,CA,A,G,,,PERCENT
9.0,9.b,9.b.1,NV_IND_TECH,Proportion of medium and high-tech manufacturing value added in total value added (%),600.0,Paraguay,2015.0,21.83,2015.0,,,,,UNIDO CIP Database. Available at https://stat.unido.org,,,ISIC4_C,,,,,CA,A,G,,,PERCENT
9.0,9.b,9.b.1,NV_IND_TECH,Proportion of medium and high-tech manufacturing value added in total value added (%),600.0,Paraguay,2016.0,21.83,2016.0,,,,,UNIDO CIP Database. Available at https://stat.unido.org,,,ISIC4_C,,,,,CA,A,G,,,PERCENT
9.0,9.b,9.b.1,NV_IND_TECH,Proportion of medium and high-tech manufacturing value added in total value added (%),600.0,Paraguay,2017.0,21.83,2017.0,,,,,UNIDO CIP Database. Available at https://stat.unido.org,,,ISIC4_C,,,,,CA,A,G,,,PERCENT
9.0,9.b,9.b.1,NV_IND_TECH,Proportion of medium and high-tech manufacturing value added in total value added (%),600.0,Paraguay,2018.0,21.83,2018.0,,,,,UNIDO CIP Database. Available at https://stat.unido.org,,,ISIC4_C,,,,,CA,A,G,,,PERCENT
9.0,9.b,9.b.1,NV_IND_TECH,Proportion of medium and high-tech manufacturing value added in total value added (%),600.0,Paraguay,2019.0,21.83,2019.0,,,,,UNIDO CIP Database. Available at https://stat.unido.org,,,ISIC4_C,,,,,CA,A,G,,,PERCENT
9.0,9.b,9.b.1,NV_IND_TECH,Proportion of medium and high-tech manufacturing value added in total value added (%),600.0,Paraguay,2020.0,21.83,2020.0,,,,,UNIDO CIP Database. Available at https://stat.unido.org,,,ISIC4_C,,,,,E,A,G,,,PERCENT
9.0,9.c,9.c.1,IT_MOB_2GNTWK,Proportion of population covered by at least a 2G mobile network (%),600.0,Paraguay,2010.0,94.0,2010.0,,,,,ComisiÃ³n Nacional de Telecomunicaciones.,,,,,,,,C,,G,,,PERCENT
9.0,9.c,9.c.1,IT_MOB_2GNTWK,Proportion of population covered by at least a 2G mobile network (%),600.0,Paraguay,2013.0,99.7,2013.0,,,,,ComisiÃ³n Nacional de Telecomunicaciones - CONATEL,,,,,,,,C,,G,,,PERCENT
9.0,9.c,9.c.1,IT_MOB_2GNTWK,Proportion of population covered by at least a 2G mobile network (%),600.0,Paraguay,2015.0,95.36,2015.0,,,,,ITU estimate.,,,,,,,,E,,G,,,PERCENT
9.0,9.c,9.c.1,IT_MOB_2GNTWK,Proportion of population covered by at least a 2G mobile network (%),600.0,Paraguay,2016.0,96.8,2016.0,,,,,ComisiÃ³n Nacional de Telecomunicaciones,,,,,,,,C,,G,,,PERCENT
9.0,9.c,9.c.1,IT_MOB_2GNTWK,Proportion of population covered by at least a 2G mobile network (%),600.0,Paraguay,2017.0,98.24,2017.0,,,,,ComisiÃ³n Nacional de Telecomunicaciones - CONATEL,,,,,,,,C,,G,,,PERCENT
9.0,9.c,9.c.1,IT_MOB_2GNTWK,Proportion of population covered by at least a 2G mobile network (%),600.0,Paraguay,2018.0,98.8,2018.0,,,,,ComisiÃ³n Nacional de Telecomunicaciones - CONATEL,,Estimate,,,,,,C,,G,,,PERCENT
9.0,9.c,9.c.1,IT_MOB_2GNTWK,Proportion of population covered by at least a 2G mobile network (%),600.0,Paraguay,2019.0,98.97,2019.0,,,,,ComisiÃ³n Nacional de Telecomunicaciones - CONATEL,,,,,,,,C,,G,,,PERCENT
9.0,9.c,9.c.1,IT_MOB_2GNTWK,Proportion of population covered by at least a 2G mobile network (%),600.0,Paraguay,2020.0,99.35,2020.0,,,,,ComisiÃ³n Nacional de Telecomunicaciones - CONATEL,,,,,,,,C,,G,,,PERCENT
9.0,9.c,9.c.1,IT_MOB_2GNTWK,Proportion of population covered by at least a 2G mobile network (%),600.0,Paraguay,2021.0,99.48,2021.0,,,,,ComisiÃ³n Nacional de Telecomunicaciones - CONATEL,,,,,,,,C,,G,,,PERCENT
9.0,9.c,9.c.1,IT_MOB_3GNTWK,Proportion of population covered by at least a 3G mobile network (%),600.0,Paraguay,2014.0,50.0,2014.0,,,,,ITU estimate,,ITU estimate,,,,,,E,,G,,,PERCENT
9.0,9.c,9.c.1,IT_MOB_3GNTWK,Proportion of population covered by at least a 3G mobile network (%),600.0,Paraguay,2015.0,66.0,2015.0,,,,,ITU estimate,,,,,,,,E,,G,,,PERCENT
9.0,9.c,9.c.1,IT_MOB_3GNTWK,Proportion of population covered by at least a 3G mobile network (%),600.0,Paraguay,2016.0,95.4,2016.0,,,,,ComisiÃ³n Nacional de Telecomunicaciones,,,,,,,,C,,G,,,PERCENT
9.0,9.c,9.c.1,IT_MOB_3GNTWK,Proportion of population covered by at least a 3G mobile network (%),600.0,Paraguay,2017.0,95.97,2017.0,,,,,ComisiÃ³n Nacional de Telecomunicaciones - CONATEL,,,,,,,,C,,G,,,PERCENT
9.0,9.c,9.c.1,IT_MOB_3GNTWK,Proportion of population covered by at least a 3G mobile network (%),600.0,Paraguay,2018.0,97.7,2018.0,,,,,ComisiÃ³n Nacional de Telecomunicaciones - CONATEL,,Estimate,,,,,,C,,G,,,PERCENT
9.0,9.c,9.c.1,IT_MOB_3GNTWK,Proportion of population covered by at least a 3G mobile network (%),600.0,Paraguay,2019.0,98.11,2019.0,,,,,ComisiÃ³n Nacional de Telecomunicaciones - CONATEL,,,,,,,,C,,G,,,PERCENT
9.0,9.c,9.c.1,IT_MOB_3GNTWK,Proportion of population covered by at least a 3G mobile network (%),600.0,Paraguay,2020.0,95.13,2020.0,,,,,ComisiÃ³n Nacional de Telecomunicaciones - CONATEL,,,,,,,,C,,G,,,PERCENT
9.0,9.c,9.c.1,IT_MOB_3GNTWK,Proportion of population covered by at least a 3G mobile network (%),600.0,Paraguay,2021.0,95.22,2021.0,,,,,ComisiÃ³n Nacional de Telecomunicaciones - CONATEL,,,,,,,,C,,G,,,PERCENT
9.0,9.c,9.c.1,IT_MOB_4GNTWK,Proportion of population covered by at least a 4G mobile network (%),600.0,Paraguay,2012.0,10.0,2012.0,,,,,ITU estimate.,,,,,,,,E,,G,,,PERCENT
9.0,9.c,9.c.1,IT_MOB_4GNTWK,Proportion of population covered by at least a 4G mobile network (%),600.0,Paraguay,2013.0,20.74,2013.0,,,,,ITU estimate.,,,,,,,,E,,G,,,PERCENT
9.0,9.c,9.c.1,IT_MOB_4GNTWK,Proportion of population covered by at least a 4G mobile network (%),600.0,Paraguay,2014.0,40.0,2014.0,,,,,ITU estimate,,ITU estimate,,,,,,E,,G,,,PERCENT
9.0,9.c,9.c.1,IT_MOB_4GNTWK,Proportion of population covered by at least a 4G mobile network (%),600.0,Paraguay,2015.0,40.0,2015.0,,,,,ITU estimate.,,,,,,,,E,,G,,,PERCENT
9.0,9.c,9.c.1,IT_MOB_4GNTWK,Proportion of population covered by at least a 4G mobile network (%),600.0,Paraguay,2016.0,40.0,2016.0,,,,,ComisiÃ³n Nacional de Telecomunicaciones,,,,,,,,C,,G,,,PERCENT
9.0,9.c,9.c.1,IT_MOB_4GNTWK,Proportion of population covered by at least a 4G mobile network (%),600.0,Paraguay,2017.0,58.09,2017.0,,,,,ComisiÃ³n Nacional de Telecomunicaciones - CONATEL,,,,,,,,C,,G,,,PERCENT
9.0,9.c,9.c.1,IT_MOB_4GNTWK,Proportion of population covered by at least a 4G mobile network (%),600.0,Paraguay,2018.0,80.8,2018.0,,,,,ComisiÃ³n Nacional de Telecomunicaciones - CONATEL,,Estimate,,,,,,C,,G,,,PERCENT
9.0,9.c,9.c.1,IT_MOB_4GNTWK,Proportion of population covered by at least a 4G mobile network (%),600.0,Paraguay,2019.0,96.6,2019.0,,,,,ComisiÃ³n Nacional de Telecomunicaciones - CONATEL,,,,,,,,C,,G,,,PERCENT
9.0,9.c,9.c.1,IT_MOB_4GNTWK,Proportion of population covered by at least a 4G mobile network (%),600.0,Paraguay,2020.0,93.14,2020.0,,,,,ComisiÃ³n Nacional de Telecomunicaciones - CONATEL,,,,,,,,C,,G,,,PERCENT
9.0,9.c,9.c.1,IT_MOB_4GNTWK,Proportion of population covered by at least a 4G mobile network (%),600.0,Paraguay,2021.0,93.5,2021.0,,,,,ComisiÃ³n Nacional de Telecomunicaciones - CONATEL,,,,,,,,C,,G,,,PERCENT
,,,,,,,,,,,,,,,,,,,,,,,,,,,
