Goal,Target,Indicator,SeriesCode,SeriesDescription,GeoAreaCode,GeoAreaName,TimePeriod,Value,Time_Detail,TimeCoverage,UpperBound,LowerBound,BasePeriod,Source,GeoInfoUrl,FootNote,[Age],[Counterpart],[Disability status],[Fiscal intervention stage],[Freq],[Grounds of discrimination],[Location],[Migratory status],[Name of international institution],[Nature],[Observation Status],[Policy Domains],[Quantile],[Reporting Type],[Sex],[Type of product],[Units]
10.0,10.1,10.1.1,SI_HEI_TOTL,Growth rates of household expenditure or income per capita (%),858.0,Uruguay,2019.0,0.33,2019,,,,,World Bank,,Estimated from income data. Growth rates are for the period of 2014-2019.,,,,,,,,,,G,,,B40,G,,,PERCENT
10.0,10.1,10.1.1,SI_HEI_TOTL,Growth rates of household expenditure or income per capita (%),858.0,Uruguay,2019.0,0.0,2019,,,,,World Bank,,Estimated from income data. Growth rates are for the period of 2014-2019.,,,,,,,,,,G,,,_T,G,,,PERCENT
10.0,10.2,10.2.1,SI_POV_50MI,Proportion of people living below 50 percent of median income (%),858.0,Uruguay,2006.0,19.4,2006,,,,,World Bank's Poverty and Inequality Platform,,Based on data from ECH. Estimated from unit-record income data. ,,,,,,,,,,G,,,B50,G,,,PERCENT
10.0,10.2,10.2.1,SI_POV_50MI,Proportion of people living below 50 percent of median income (%),858.0,Uruguay,2007.0,19.7,2007,,,,,World Bank's Poverty and Inequality Platform,,Based on data from ECH. Estimated from unit-record income data. ,,,,,,,,,,G,,,B50,G,,,PERCENT
10.0,10.2,10.2.1,SI_POV_50MI,Proportion of people living below 50 percent of median income (%),858.0,Uruguay,2008.0,18.8,2008,,,,,World Bank's Poverty and Inequality Platform,,Based on data from ECH. Estimated from unit-record income data. ,,,,,,,,,,G,,,B50,G,,,PERCENT
10.0,10.2,10.2.1,SI_POV_50MI,Proportion of people living below 50 percent of median income (%),858.0,Uruguay,2009.0,19.8,2009,,,,,World Bank's Poverty and Inequality Platform,,Based on data from ECH. Estimated from unit-record income data. ,,,,,,,,,,G,,,B50,G,,,PERCENT
10.0,10.2,10.2.1,SI_POV_50MI,Proportion of people living below 50 percent of median income (%),858.0,Uruguay,2010.0,19.0,2010,,,,,World Bank's Poverty and Inequality Platform,,Based on data from ECH. Estimated from unit-record income data. ,,,,,,,,,,G,,,B50,G,,,PERCENT
10.0,10.2,10.2.1,SI_POV_50MI,Proportion of people living below 50 percent of median income (%),858.0,Uruguay,2011.0,18.4,2011,,,,,World Bank's Poverty and Inequality Platform,,Based on data from ECH. Estimated from unit-record income data. ,,,,,,,,,,G,,,B50,G,,,PERCENT
10.0,10.2,10.2.1,SI_POV_50MI,Proportion of people living below 50 percent of median income (%),858.0,Uruguay,2012.0,17.8,2012,,,,,World Bank's Poverty and Inequality Platform,,Based on data from ECH. Estimated from unit-record income data. ,,,,,,,,,,G,,,B50,G,,,PERCENT
10.0,10.2,10.2.1,SI_POV_50MI,Proportion of people living below 50 percent of median income (%),858.0,Uruguay,2013.0,18.1,2013,,,,,World Bank's Poverty and Inequality Platform,,Based on data from ECH. Estimated from unit-record income data. ,,,,,,,,,,G,,,B50,G,,,PERCENT
10.0,10.2,10.2.1,SI_POV_50MI,Proportion of people living below 50 percent of median income (%),858.0,Uruguay,2014.0,17.8,2014,,,,,World Bank's Poverty and Inequality Platform,,Based on data from ECH. Estimated from unit-record income data. ,,,,,,,,,,G,,,B50,G,,,PERCENT
10.0,10.2,10.2.1,SI_POV_50MI,Proportion of people living below 50 percent of median income (%),858.0,Uruguay,2015.0,18.2,2015,,,,,World Bank's Poverty and Inequality Platform,,Based on data from ECH. Estimated from unit-record income data. ,,,,,,,,,,G,,,B50,G,,,PERCENT
10.0,10.2,10.2.1,SI_POV_50MI,Proportion of people living below 50 percent of median income (%),858.0,Uruguay,2016.0,17.5,2016,,,,,World Bank's Poverty and Inequality Platform,,Based on data from ECH. Estimated from unit-record income data. ,,,,,,,,,,G,,,B50,G,,,PERCENT
10.0,10.2,10.2.1,SI_POV_50MI,Proportion of people living below 50 percent of median income (%),858.0,Uruguay,2017.0,17.1,2017,,,,,World Bank's Poverty and Inequality Platform,,Based on data from ECH. Estimated from unit-record income data. ,,,,,,,,,,G,,,B50,G,,,PERCENT
10.0,10.2,10.2.1,SI_POV_50MI,Proportion of people living below 50 percent of median income (%),858.0,Uruguay,2018.0,16.9,2018,,,,,World Bank's Poverty and Inequality Platform,,Based on data from ECH. Estimated from unit-record income data. ,,,,,,,,,,G,,,B50,G,,,PERCENT
10.0,10.2,10.2.1,SI_POV_50MI,Proportion of people living below 50 percent of median income (%),858.0,Uruguay,2019.0,17.4,2019,,,,,World Bank's Poverty and Inequality Platform,,Based on data from ECH. Estimated from unit-record income data. ,,,,,,,,,,G,,,B50,G,,,PERCENT
10.0,10.2,10.2.1,SI_POV_50MI,Proportion of people living below 50 percent of median income (%),858.0,Uruguay,2020.0,18.0,2020,,,,,World Bank's Poverty and Inequality Platform,,Based on data from ECH. Estimated from unit-record income data. ,,,,,,,,,,G,,,B50,G,,,PERCENT
10.0,10.2,10.2.1,SI_POV_50MI,Proportion of people living below 50 percent of median income (%),858.0,Uruguay,2021.0,17.3,2021,,,,,World Bank's Poverty and Inequality Platform,,Based on data from ECH-S2. Estimated from unit-record income data. ,,,,,,,,,,G,,,B50,G,,,PERCENT
10.0,10.4,10.4.1,SL_EMP_GTOTL,Labour share of GDP (%),858.0,Uruguay,2004.0,46.3,2004,,,,,"ILO modelled estimates, Nov. 2022",,,,,,,,,,,,M,A,,,G,,,PERCENT
10.0,10.4,10.4.1,SL_EMP_GTOTL,Labour share of GDP (%),858.0,Uruguay,2005.0,46.6,2005,,,,,"ILO modelled estimates, Nov. 2022",,,,,,,,,,,,M,A,,,G,,,PERCENT
10.0,10.4,10.4.1,SL_EMP_GTOTL,Labour share of GDP (%),858.0,Uruguay,2006.0,47.4,2006,,,,,"ILO modelled estimates, Nov. 2022",,,,,,,,,,,,M,A,,,G,,,PERCENT
10.0,10.4,10.4.1,SL_EMP_GTOTL,Labour share of GDP (%),858.0,Uruguay,2007.0,49.4,2007,,,,,"ILO modelled estimates, Nov. 2022",,,,,,,,,,,,M,A,,,G,,,PERCENT
10.0,10.4,10.4.1,SL_EMP_GTOTL,Labour share of GDP (%),858.0,Uruguay,2008.0,48.8,2008,,,,,"ILO modelled estimates, Nov. 2022",,,,,,,,,,,,M,A,,,G,,,PERCENT
10.0,10.4,10.4.1,SL_EMP_GTOTL,Labour share of GDP (%),858.0,Uruguay,2009.0,51.4,2009,,,,,"ILO modelled estimates, Nov. 2022",,,,,,,,,,,,M,A,,,G,,,PERCENT
10.0,10.4,10.4.1,SL_EMP_GTOTL,Labour share of GDP (%),858.0,Uruguay,2010.0,51.8,2010,,,,,"ILO modelled estimates, Nov. 2022",,,,,,,,,,,,M,A,,,G,,,PERCENT
10.0,10.4,10.4.1,SL_EMP_GTOTL,Labour share of GDP (%),858.0,Uruguay,2011.0,53.0,2011,,,,,"ILO modelled estimates, Nov. 2022",,,,,,,,,,,,M,A,,,G,,,PERCENT
10.0,10.4,10.4.1,SL_EMP_GTOTL,Labour share of GDP (%),858.0,Uruguay,2012.0,53.4,2012,,,,,"ILO modelled estimates, Nov. 2022",,,,,,,,,,,,M,A,,,G,,,PERCENT
10.0,10.4,10.4.1,SL_EMP_GTOTL,Labour share of GDP (%),858.0,Uruguay,2013.0,53.5,2013,,,,,"ILO modelled estimates, Nov. 2022",,,,,,,,,,,,M,A,,,G,,,PERCENT
10.0,10.4,10.4.1,SL_EMP_GTOTL,Labour share of GDP (%),858.0,Uruguay,2014.0,54.5,2014,,,,,"ILO modelled estimates, Nov. 2022",,,,,,,,,,,,M,A,,,G,,,PERCENT
10.0,10.4,10.4.1,SL_EMP_GTOTL,Labour share of GDP (%),858.0,Uruguay,2015.0,55.5,2015,,,,,"ILO modelled estimates, Nov. 2022",,,,,,,,,,,,M,A,,,G,,,PERCENT
10.0,10.4,10.4.1,SL_EMP_GTOTL,Labour share of GDP (%),858.0,Uruguay,2016.0,55.5,2016,,,,,"ILO modelled estimates, Nov. 2022",,,,,,,,,,,,M,A,,,G,,,PERCENT
10.0,10.4,10.4.1,SL_EMP_GTOTL,Labour share of GDP (%),858.0,Uruguay,2017.0,55.7,2017,,,,,"ILO modelled estimates, Nov. 2022",,,,,,,,,,,,M,A,,,G,,,PERCENT
10.0,10.4,10.4.1,SL_EMP_GTOTL,Labour share of GDP (%),858.0,Uruguay,2018.0,56.4,2018,,,,,"ILO modelled estimates, Nov. 2022",,,,,,,,,,,,M,A,,,G,,,PERCENT
10.0,10.4,10.4.1,SL_EMP_GTOTL,Labour share of GDP (%),858.0,Uruguay,2019.0,55.7,2019,,,,,"ILO modelled estimates, Nov. 2022",,,,,,,,,,,,M,A,,,G,,,PERCENT
10.0,10.4,10.4.1,SL_EMP_GTOTL,Labour share of GDP (%),858.0,Uruguay,2020.0,58.2,2020,,,,,"ILO modelled estimates, Nov. 2022",,,,,,,,,,,,M,A,,,G,,,PERCENT
10.0,10.5,10.5.1,FI_FSI_FSANL,Non-performing loans to total gross loans (%),858.0,Uruguay,2008.0,0.50936574866239,2008,,,,,IMF,,,,,,,,,,,,C,A,,,G,,,PERCENT
10.0,10.5,10.5.1,FI_FSI_FSANL,Non-performing loans to total gross loans (%),858.0,Uruguay,2009.0,3.81668671640444,2009,,,,,IMF,,,,,,,,,,,,C,A,,,G,,,PERCENT
10.0,10.5,10.5.1,FI_FSI_FSANL,Non-performing loans to total gross loans (%),858.0,Uruguay,2010.0,2.42280900203523,2010,,,,,IMF,,,,,,,,,,,,C,A,,,G,,,PERCENT
10.0,10.5,10.5.1,FI_FSI_FSANL,Non-performing loans to total gross loans (%),858.0,Uruguay,2011.0,1.49105437766406,2011,,,,,IMF,,,,,,,,,,,,C,A,,,G,,,PERCENT
10.0,10.5,10.5.1,FI_FSI_FSANL,Non-performing loans to total gross loans (%),858.0,Uruguay,2012.0,1.32547589221842,2012,,,,,IMF,,,,,,,,,,,,C,A,,,G,,,PERCENT
10.0,10.5,10.5.1,FI_FSI_FSANL,Non-performing loans to total gross loans (%),858.0,Uruguay,2013.0,1.27694211466818,2013,,,,,IMF,,,,,,,,,,,,C,A,,,G,,,PERCENT
10.0,10.5,10.5.1,FI_FSI_FSANL,Non-performing loans to total gross loans (%),858.0,Uruguay,2014.0,1.27782210089718,2014,,,,,IMF,,,,,,,,,,,,C,A,,,G,,,PERCENT
10.0,10.5,10.5.1,FI_FSI_FSANL,Non-performing loans to total gross loans (%),858.0,Uruguay,2015.0,1.59817495618485,2015,,,,,IMF,,,,,,,,,,,,C,A,,,G,,,PERCENT
10.0,10.5,10.5.1,FI_FSI_FSANL,Non-performing loans to total gross loans (%),858.0,Uruguay,2016.0,2.31586181233161,2016,,,,,IMF,,,,,,,,,,,,C,A,,,G,,,PERCENT
10.0,10.5,10.5.1,FI_FSI_FSANL,Non-performing loans to total gross loans (%),858.0,Uruguay,2017.0,2.37168098623647,2017,,,,,IMF,,,,,,,,,,,,C,A,,,G,,,PERCENT
10.0,10.5,10.5.1,FI_FSI_FSANL,Non-performing loans to total gross loans (%),858.0,Uruguay,2018.0,2.2553221144042,2018,,,,,IMF,,,,,,,,,,,,C,A,,,G,,,PERCENT
10.0,10.5,10.5.1,FI_FSI_FSANL,Non-performing loans to total gross loans (%),858.0,Uruguay,2019.0,0.764833930030631,2019,,,,,IMF,,,,,,,,,,,,C,A,,,G,,,PERCENT
10.0,10.5,10.5.1,FI_FSI_FSANL,Non-performing loans to total gross loans (%),858.0,Uruguay,2020.0,0.656687610770611,2020,,,,,IMF,,,,,,,,,,,,C,A,,,G,,,PERCENT
10.0,10.5,10.5.1,FI_FSI_FSERA,Return on assets (%),858.0,Uruguay,2008.0,1.99494031196995,2008,,,,,IMF,,,,,,,,,,,,C,A,,,G,,,PERCENT
10.0,10.5,10.5.1,FI_FSI_FSERA,Return on assets (%),858.0,Uruguay,2009.0,-0.0392203383947699,2009,,,,,IMF,,,,,,,,,,,,C,A,,,G,,,PERCENT
10.0,10.5,10.5.1,FI_FSI_FSERA,Return on assets (%),858.0,Uruguay,2010.0,0.662977840615316,2010,,,,,IMF,,,,,,,,,,,,C,A,,,G,,,PERCENT
10.0,10.5,10.5.1,FI_FSI_FSERA,Return on assets (%),858.0,Uruguay,2011.0,1.02054738378853,2011,,,,,IMF,,,,,,,,,,,,C,A,,,G,,,PERCENT
10.0,10.5,10.5.1,FI_FSI_FSERA,Return on assets (%),858.0,Uruguay,2012.0,1.21304257452794,2012,,,,,IMF,,,,,,,,,,,,C,A,,,G,,,PERCENT
10.0,10.5,10.5.1,FI_FSI_FSERA,Return on assets (%),858.0,Uruguay,2013.0,1.73258356616968,2013,,,,,IMF,,,,,,,,,,,,C,A,,,G,,,PERCENT
10.0,10.5,10.5.1,FI_FSI_FSERA,Return on assets (%),858.0,Uruguay,2014.0,0.879402448890471,2014,,,,,IMF,,,,,,,,,,,,C,A,,,G,,,PERCENT
10.0,10.5,10.5.1,FI_FSI_FSERA,Return on assets (%),858.0,Uruguay,2015.0,1.14572160317315,2015,,,,,IMF,,,,,,,,,,,,C,A,,,G,,,PERCENT
10.0,10.5,10.5.1,FI_FSI_FSERA,Return on assets (%),858.0,Uruguay,2016.0,0.312891331957269,2016,,,,,IMF,,,,,,,,,,,,C,A,,,G,,,PERCENT
10.0,10.5,10.5.1,FI_FSI_FSERA,Return on assets (%),858.0,Uruguay,2017.0,1.2102017664797,2017,,,,,IMF,,,,,,,,,,,,C,A,,,G,,,PERCENT
10.0,10.5,10.5.1,FI_FSI_FSERA,Return on assets (%),858.0,Uruguay,2018.0,2.13230043198737,2018,,,,,IMF,,,,,,,,,,,,C,A,,,G,,,PERCENT
10.0,10.5,10.5.1,FI_FSI_FSERA,Return on assets (%),858.0,Uruguay,2019.0,2.78994198746322,2019,,,,,IMF,,,,,,,,,,,,C,A,,,G,,,PERCENT
10.0,10.5,10.5.1,FI_FSI_FSERA,Return on assets (%),858.0,Uruguay,2020.0,2.57512575902125,2020,,,,,IMF,,,,,,,,,,,,C,A,,,G,,,PERCENT
10.0,10.5,10.5.1,FI_FSI_FSKA,Regulatory capital to assets (%),858.0,Uruguay,2008.0,7.80959011687568,2008,,,,,IMF,,,,,,,,,,,,C,A,,,G,,,PERCENT
10.0,10.5,10.5.1,FI_FSI_FSKA,Regulatory capital to assets (%),858.0,Uruguay,2009.0,8.2756678524986,2009,,,,,IMF,,,,,,,,,,,,C,A,,,G,,,PERCENT
10.0,10.5,10.5.1,FI_FSI_FSKA,Regulatory capital to assets (%),858.0,Uruguay,2010.0,7.80073263265782,2010,,,,,IMF,,,,,,,,,,,,C,A,,,G,,,PERCENT
10.0,10.5,10.5.1,FI_FSI_FSKA,Regulatory capital to assets (%),858.0,Uruguay,2011.0,9.16961736470746,2011,,,,,IMF,,,,,,,,,,,,C,A,,,G,,,PERCENT
10.0,10.5,10.5.1,FI_FSI_FSKA,Regulatory capital to assets (%),858.0,Uruguay,2012.0,8.96524690466602,2012,,,,,IMF,,,,,,,,,,,,C,A,,,G,,,PERCENT
10.0,10.5,10.5.1,FI_FSI_FSKA,Regulatory capital to assets (%),858.0,Uruguay,2013.0,9.30405877390843,2013,,,,,IMF,,,,,,,,,,,,C,A,,,G,,,PERCENT
10.0,10.5,10.5.1,FI_FSI_FSKA,Regulatory capital to assets (%),858.0,Uruguay,2014.0,9.19111456924678,2014,,,,,IMF,,,,,,,,,,,,C,A,,,G,,,PERCENT
10.0,10.5,10.5.1,FI_FSI_FSKA,Regulatory capital to assets (%),858.0,Uruguay,2015.0,8.53263522208311,2015,,,,,IMF,,,,,,,,,,,,C,A,,,G,,,PERCENT
10.0,10.5,10.5.1,FI_FSI_FSKA,Regulatory capital to assets (%),858.0,Uruguay,2016.0,9.17398633851876,2016,,,,,IMF,,,,,,,,,,,,C,A,,,G,,,PERCENT
10.0,10.5,10.5.1,FI_FSI_FSKA,Regulatory capital to assets (%),858.0,Uruguay,2017.0,10.1451755194852,2017,,,,,IMF,,,,,,,,,,,,C,A,,,G,,,PERCENT
10.0,10.5,10.5.1,FI_FSI_FSKA,Regulatory capital to assets (%),858.0,Uruguay,2018.0,10.9798499085854,2018,,,,,IMF,,,,,,,,,,,,C,A,,,G,,,PERCENT
10.0,10.5,10.5.1,FI_FSI_FSKA,Regulatory capital to assets (%),858.0,Uruguay,2019.0,11.0456863889828,2019,,,,,IMF,,,,,,,,,,,,C,A,,,G,,,PERCENT
10.0,10.5,10.5.1,FI_FSI_FSKA,Regulatory capital to assets (%),858.0,Uruguay,2020.0,10.2158600388512,2020,,,,,IMF,,,,,,,,,,,,C,A,,,G,,,PERCENT
10.0,10.5,10.5.1,FI_FSI_FSKNL,Non-performing loans net of provisions to capital (%),858.0,Uruguay,2008.0,1.3898082685672,2008,,,,,IMF,,,,,,,,,,,,C,A,,,G,,,PERCENT
10.0,10.5,10.5.1,FI_FSI_FSKNL,Non-performing loans net of provisions to capital (%),858.0,Uruguay,2009.0,13.9036373204981,2009,,,,,IMF,,,,,,,,,,,,C,A,,,G,,,PERCENT
10.0,10.5,10.5.1,FI_FSI_FSKNL,Non-performing loans net of provisions to capital (%),858.0,Uruguay,2010.0,10.2826064533937,2010,,,,,IMF,,,,,,,,,,,,C,A,,,G,,,PERCENT
10.0,10.5,10.5.1,FI_FSI_FSKNL,Non-performing loans net of provisions to capital (%),858.0,Uruguay,2011.0,5.50755538602775,2011,,,,,IMF,,,,,,,,,,,,C,A,,,G,,,PERCENT
10.0,10.5,10.5.1,FI_FSI_FSKNL,Non-performing loans net of provisions to capital (%),858.0,Uruguay,2012.0,4.55278143968002,2012,,,,,IMF,,,,,,,,,,,,C,A,,,G,,,PERCENT
10.0,10.5,10.5.1,FI_FSI_FSKNL,Non-performing loans net of provisions to capital (%),858.0,Uruguay,2013.0,4.37948859432466,2013,,,,,IMF,,,,,,,,,,,,C,A,,,G,,,PERCENT
10.0,10.5,10.5.1,FI_FSI_FSKNL,Non-performing loans net of provisions to capital (%),858.0,Uruguay,2014.0,3.45493763003924,2014,,,,,IMF,,,,,,,,,,,,C,A,,,G,,,PERCENT
10.0,10.5,10.5.1,FI_FSI_FSKNL,Non-performing loans net of provisions to capital (%),858.0,Uruguay,2015.0,3.97410312699896,2015,,,,,IMF,,,,,,,,,,,,C,A,,,G,,,PERCENT
10.0,10.5,10.5.1,FI_FSI_FSKNL,Non-performing loans net of provisions to capital (%),858.0,Uruguay,2016.0,6.45952479742193,2016,,,,,IMF,,,,,,,,,,,,C,A,,,G,,,PERCENT
10.0,10.5,10.5.1,FI_FSI_FSKNL,Non-performing loans net of provisions to capital (%),858.0,Uruguay,2017.0,5.35163286003972,2017,,,,,IMF,,,,,,,,,,,,C,A,,,G,,,PERCENT
10.0,10.5,10.5.1,FI_FSI_FSKNL,Non-performing loans net of provisions to capital (%),858.0,Uruguay,2018.0,5.62628450298404,2018,,,,,IMF,,,,,,,,,,,,C,A,,,G,,,PERCENT
10.0,10.5,10.5.1,FI_FSI_FSKNL,Non-performing loans net of provisions to capital (%),858.0,Uruguay,2019.0,-2.32859227700166,2019,,,,,IMF,,,,,,,,,,,,C,A,,,G,,,PERCENT
10.0,10.5,10.5.1,FI_FSI_FSKNL,Non-performing loans net of provisions to capital (%),858.0,Uruguay,2020.0,-1.78252900605896,2020,,,,,IMF,,,,,,,,,,,,C,A,,,G,,,PERCENT
10.0,10.5,10.5.1,FI_FSI_FSKRTC,Regulatory Tier 1 capital to risk-weighted assets (%),858.0,Uruguay,2008.0,15.0285636430677,2008,,,,,IMF,,,,,,,,,,,,C,A,,,G,,,PERCENT
10.0,10.5,10.5.1,FI_FSI_FSKRTC,Regulatory Tier 1 capital to risk-weighted assets (%),858.0,Uruguay,2009.0,15.189514632946,2009,,,,,IMF,,,,,,,,,,,,C,A,,,G,,,PERCENT
10.0,10.5,10.5.1,FI_FSI_FSKRTC,Regulatory Tier 1 capital to risk-weighted assets (%),858.0,Uruguay,2010.0,13.4532316540999,2010,,,,,IMF,,,,,,,,,,,,C,A,,,G,,,PERCENT
10.0,10.5,10.5.1,FI_FSI_FSKRTC,Regulatory Tier 1 capital to risk-weighted assets (%),858.0,Uruguay,2011.0,15.3801808355344,2011,,,,,IMF,,,,,,,,,,,,C,A,,,G,,,PERCENT
10.0,10.5,10.5.1,FI_FSI_FSKRTC,Regulatory Tier 1 capital to risk-weighted assets (%),858.0,Uruguay,2012.0,14.9643634084074,2012,,,,,IMF,,,,,,,,,,,,C,A,,,G,,,PERCENT
10.0,10.5,10.5.1,FI_FSI_FSKRTC,Regulatory Tier 1 capital to risk-weighted assets (%),858.0,Uruguay,2013.0,14.1810286054143,2013,,,,,IMF,,,,,,,,,,,,C,A,,,G,,,PERCENT
10.0,10.5,10.5.1,FI_FSI_FSKRTC,Regulatory Tier 1 capital to risk-weighted assets (%),858.0,Uruguay,2014.0,13.7350996359995,2014,,,,,IMF,,,,,,,,,,,,C,A,,,G,,,PERCENT
10.0,10.5,10.5.1,FI_FSI_FSKRTC,Regulatory Tier 1 capital to risk-weighted assets (%),858.0,Uruguay,2015.0,13.0905675744936,2015,,,,,IMF,,,,,,,,,,,,C,A,,,G,,,PERCENT
10.0,10.5,10.5.1,FI_FSI_FSKRTC,Regulatory Tier 1 capital to risk-weighted assets (%),858.0,Uruguay,2016.0,14.9364614775871,2016,,,,,IMF,,,,,,,,,,,,C,A,,,G,,,PERCENT
10.0,10.5,10.5.1,FI_FSI_FSKRTC,Regulatory Tier 1 capital to risk-weighted assets (%),858.0,Uruguay,2017.0,16.8161748765204,2017,,,,,IMF,,,,,,,,,,,,C,A,,,G,,,PERCENT
10.0,10.5,10.5.1,FI_FSI_FSKRTC,Regulatory Tier 1 capital to risk-weighted assets (%),858.0,Uruguay,2018.0,18.2203817557005,2018,,,,,IMF,,,,,,,,,,,,C,A,,,G,,,PERCENT
10.0,10.5,10.5.1,FI_FSI_FSKRTC,Regulatory Tier 1 capital to risk-weighted assets (%),858.0,Uruguay,2019.0,15.7479872267498,2019,,,,,IMF,,,,,,,,,,,,C,A,,,G,,,PERCENT
10.0,10.5,10.5.1,FI_FSI_FSKRTC,Regulatory Tier 1 capital to risk-weighted assets (%),858.0,Uruguay,2020.0,16.6037525125545,2020,,,,,IMF,,,,,,,,,,,,C,A,,,G,,,PERCENT
10.0,10.5,10.5.1,FI_FSI_FSLS,Liquid assets to short term liabilities (%),858.0,Uruguay,2008.0,72.4338277210649,2008,,,,,IMF,,,,,,,,,,,,C,A,,,G,,,PERCENT
10.0,10.5,10.5.1,FI_FSI_FSLS,Liquid assets to short term liabilities (%),858.0,Uruguay,2009.0,65.0866228320295,2009,,,,,IMF,,,,,,,,,,,,C,A,,,G,,,PERCENT
10.0,10.5,10.5.1,FI_FSI_FSLS,Liquid assets to short term liabilities (%),858.0,Uruguay,2010.0,54.6191314354603,2010,,,,,IMF,,,,,,,,,,,,C,A,,,G,,,PERCENT
10.0,10.5,10.5.1,FI_FSI_FSLS,Liquid assets to short term liabilities (%),858.0,Uruguay,2011.0,54.5557907966081,2011,,,,,IMF,,,,,,,,,,,,C,A,,,G,,,PERCENT
10.0,10.5,10.5.1,FI_FSI_FSLS,Liquid assets to short term liabilities (%),858.0,Uruguay,2012.0,58.4092146154845,2012,,,,,IMF,,,,,,,,,,,,C,A,,,G,,,PERCENT
10.0,10.5,10.5.1,FI_FSI_FSLS,Liquid assets to short term liabilities (%),858.0,Uruguay,2013.0,57.8313388465972,2013,,,,,IMF,,,,,,,,,,,,C,A,,,G,,,PERCENT
10.0,10.5,10.5.1,FI_FSI_FSLS,Liquid assets to short term liabilities (%),858.0,Uruguay,2014.0,62.5749384682332,2014,,,,,IMF,,,,,,,,,,,,C,A,,,G,,,PERCENT
10.0,10.5,10.5.1,FI_FSI_FSLS,Liquid assets to short term liabilities (%),858.0,Uruguay,2015.0,61.973843928269,2015,,,,,IMF,,,,,,,,,,,,C,A,,,G,,,PERCENT
10.0,10.5,10.5.1,FI_FSI_FSLS,Liquid assets to short term liabilities (%),858.0,Uruguay,2016.0,60.6212469774082,2016,,,,,IMF,,,,,,,,,,,,C,A,,,G,,,PERCENT
10.0,10.5,10.5.1,FI_FSI_FSLS,Liquid assets to short term liabilities (%),858.0,Uruguay,2017.0,57.6304744592867,2017,,,,,IMF,,,,,,,,,,,,C,A,,,G,,,PERCENT
10.0,10.5,10.5.1,FI_FSI_FSLS,Liquid assets to short term liabilities (%),858.0,Uruguay,2018.0,49.4246287200013,2018,,,,,IMF,,,,,,,,,,,,C,A,,,G,,,PERCENT
10.0,10.5,10.5.1,FI_FSI_FSLS,Liquid assets to short term liabilities (%),858.0,Uruguay,2019.0,51.0155448838164,2019,,,,,IMF,,,,,,,,,,,,C,A,,,G,,,PERCENT
10.0,10.5,10.5.1,FI_FSI_FSLS,Liquid assets to short term liabilities (%),858.0,Uruguay,2020.0,58.4260674008596,2020,,,,,IMF,,,,,,,,,,,,C,A,,,G,,,PERCENT
10.0,10.5,10.5.1,FI_FSI_FSSNO,Net open position in foreign exchange to capital (%),858.0,Uruguay,2008.0,20.7818094193154,2008,,,,,IMF,,,,,,,,,,,,C,A,,,G,,,PERCENT
10.0,10.5,10.5.1,FI_FSI_FSSNO,Net open position in foreign exchange to capital (%),858.0,Uruguay,2009.0,32.9578869387031,2009,,,,,IMF,,,,,,,,,,,,C,A,,,G,,,PERCENT
10.0,10.5,10.5.1,FI_FSI_FSSNO,Net open position in foreign exchange to capital (%),858.0,Uruguay,2010.0,26.8712412420937,2010,,,,,IMF,,,,,,,,,,,,C,A,,,G,,,PERCENT
10.0,10.5,10.5.1,FI_FSI_FSSNO,Net open position in foreign exchange to capital (%),858.0,Uruguay,2011.0,23.1880527120139,2011,,,,,IMF,,,,,,,,,,,,C,A,,,G,,,PERCENT
10.0,10.5,10.5.1,FI_FSI_FSSNO,Net open position in foreign exchange to capital (%),858.0,Uruguay,2012.0,27.5027391640033,2012,,,,,IMF,,,,,,,,,,,,C,A,,,G,,,PERCENT
10.0,10.5,10.5.1,FI_FSI_FSSNO,Net open position in foreign exchange to capital (%),858.0,Uruguay,2013.0,33.468737885971,2013,,,,,IMF,,,,,,,,,,,,C,A,,,G,,,PERCENT
10.0,10.5,10.5.1,FI_FSI_FSSNO,Net open position in foreign exchange to capital (%),858.0,Uruguay,2014.0,39.6478809135613,2014,,,,,IMF,,,,,,,,,,,,C,A,,,G,,,PERCENT
10.0,10.5,10.5.1,FI_FSI_FSSNO,Net open position in foreign exchange to capital (%),858.0,Uruguay,2015.0,50.7693942615222,2015,,,,,IMF,,,,,,,,,,,,C,A,,,G,,,PERCENT
10.0,10.5,10.5.1,FI_FSI_FSSNO,Net open position in foreign exchange to capital (%),858.0,Uruguay,2016.0,36.3786128457164,2016,,,,,IMF,,,,,,,,,,,,C,A,,,G,,,PERCENT
10.0,10.5,10.5.1,FI_FSI_FSSNO,Net open position in foreign exchange to capital (%),858.0,Uruguay,2017.0,34.7028942545744,2017,,,,,IMF,,,,,,,,,,,,C,A,,,G,,,PERCENT
10.0,10.5,10.5.1,FI_FSI_FSSNO,Net open position in foreign exchange to capital (%),858.0,Uruguay,2018.0,35.7131485657529,2018,,,,,IMF,,,,,,,,,,,,C,A,,,G,,,PERCENT
10.0,10.5,10.5.1,FI_FSI_FSSNO,Net open position in foreign exchange to capital (%),858.0,Uruguay,2019.0,36.3139657457719,2019,,,,,IMF,,,,,,,,,,,,C,A,,,G,,,PERCENT
10.0,10.5,10.5.1,FI_FSI_FSSNO,Net open position in foreign exchange to capital (%),858.0,Uruguay,2020.0,32.4152693577819,2020,,,,,IMF,,,,,,,,,,,,C,A,,,G,,,PERCENT
10.0,10.6,10.6.1,SG_INT_MBRDEV,"Proportion of members of developing countries in international organizations, by organization (%)",858.0,Uruguay,2000.0,0.5291,2000,,,,,UN General Assembly website http://www.un.org/en/member-states/index.html,,,,,,,,,,,UNGA,G,,,,G,,,PERCENT
10.0,10.6,10.6.1,SG_INT_MBRDEV,"Proportion of members of developing countries in international organizations, by organization (%)",858.0,Uruguay,2000.0,0.71429,2000,,,,,WTO Annual Report 2015,,,,,,,,,,,WTO,G,,,,G,,,PERCENT
10.0,10.6,10.6.1,SG_INT_MBRDEV,"Proportion of members of developing countries in international organizations, by organization (%)",858.0,Uruguay,2000.0,0.5618,2000,,,,,IMF Annual Report 2000,,,,,,,,,,,IMF,G,,,,G,,,PERCENT
10.0,10.6,10.6.1,SG_INT_MBRDEV,"Proportion of members of developing countries in international organizations, by organization (%)",858.0,Uruguay,2000.0,0.57471,2000,,,,,IFC 2000 Annual Report Volume 2,,,,,,,,,,,IFC,G,,,,G,,,PERCENT
10.0,10.6,10.6.1,SG_INT_MBRDEV,"Proportion of members of developing countries in international organizations, by organization (%)",858.0,Uruguay,2000.0,2.17391,2000,,,,,Inter-American Development Bank Annual Report 2000,,,,,,,,,,,IADB,G,,,,G,,,PERCENT
10.0,10.6,10.6.1,SG_INT_MBRDEV,"Proportion of members of developing countries in international organizations, by organization (%)",858.0,Uruguay,2000.0,0.54945,2000,,,,,The World Bank Annual Report 2000: Financial Statement and Appendixes to the Annual Report,,,,,,,,,,,IBRD,G,,,,G,,,PERCENT
10.0,10.6,10.6.1,SG_INT_MBRDEV,"Proportion of members of developing countries in international organizations, by organization (%)",858.0,Uruguay,2005.0,0.67114,2005,,,,,WTO Annual Report 2015,,,,,,,,,,,WTO,G,,,,G,,,PERCENT
10.0,10.6,10.6.1,SG_INT_MBRDEV,"Proportion of members of developing countries in international organizations, by organization (%)",858.0,Uruguay,2005.0,2.12766,2005,,,,,Inter-American Development Bank Annual Report 2005,,,,,,,,,,,IADB,G,,,,G,,,PERCENT
10.0,10.6,10.6.1,SG_INT_MBRDEV,"Proportion of members of developing countries in international organizations, by organization (%)",858.0,Uruguay,2005.0,0.54348,2005,,,,,"International Bank for Reconstruction and Development Management’s Discussion & Analysis and Financial Statements June 30, 2005",,,,,,,,,,,IBRD,G,,,,G,,,PERCENT
10.0,10.6,10.6.1,SG_INT_MBRDEV,"Proportion of members of developing countries in international organizations, by organization (%)",858.0,Uruguay,2005.0,0.5618,2005,,,,,IFC 2005 Annual Report Volume 2,,,,,,,,,,,IFC,G,,,,G,,,PERCENT
10.0,10.6,10.6.1,SG_INT_MBRDEV,"Proportion of members of developing countries in international organizations, by organization (%)",858.0,Uruguay,2005.0,0.55249,2005,,,,,IMF Annual Report 2005,,,,,,,,,,,IMF,G,,,,G,,,PERCENT
10.0,10.6,10.6.1,SG_INT_MBRDEV,"Proportion of members of developing countries in international organizations, by organization (%)",858.0,Uruguay,2005.0,0.52356,2005,,,,,UN General Assembly website http://www.un.org/en/member-states/index.html,,,,,,,,,,,UNGA,G,,,,G,,,PERCENT
10.0,10.6,10.6.1,SG_INT_MBRDEV,"Proportion of members of developing countries in international organizations, by organization (%)",858.0,Uruguay,2010.0,0.54945,2010,,,,,IFC 2010 Annual Report Volume 2,,,,,,,,,,,IFC,G,,,,G,,,PERCENT
10.0,10.6,10.6.1,SG_INT_MBRDEV,"Proportion of members of developing countries in international organizations, by organization (%)",858.0,Uruguay,2010.0,0.65359,2010,,,,,WTO Annual Report 2015,,,,,,,,,,,WTO,G,,,,G,,,PERCENT
10.0,10.6,10.6.1,SG_INT_MBRDEV,"Proportion of members of developing countries in international organizations, by organization (%)",858.0,Uruguay,2010.0,0.52083,2010,,,,,UN General Assembly website http://www.un.org/en/member-states/index.html,,,,,,,,,,,UNGA,G,,,,G,,,PERCENT
10.0,10.6,10.6.1,SG_INT_MBRDEV,"Proportion of members of developing countries in international organizations, by organization (%)",858.0,Uruguay,2010.0,0.54945,2010,,,,,IMF Annual Report 2010,,,,,,,,,,,IMF,G,,,,G,,,PERCENT
10.0,10.6,10.6.1,SG_INT_MBRDEV,"Proportion of members of developing countries in international organizations, by organization (%)",858.0,Uruguay,2010.0,0.53476,2010,,,,,"International Bank for Reconstruction and Development Management’s Discussion & Analysis and Financial Statements June 30, 2010",,,,,,,,,,,IBRD,G,,,,G,,,PERCENT
10.0,10.6,10.6.1,SG_INT_MBRDEV,"Proportion of members of developing countries in international organizations, by organization (%)",858.0,Uruguay,2010.0,2.08333,2010,,,,,Inter-American Development Bank Annual Report 2010,,,,,,,,,,,IADB,G,,,,G,,,PERCENT
10.0,10.6,10.6.1,SG_INT_MBRDEV,"Proportion of members of developing countries in international organizations, by organization (%)",858.0,Uruguay,2010.0,1.85185,2010,,,,,Report of the Economic and Social Council for 2010 (A/65/3),,,,,,,,,,,ECOSOC,G,,,,G,,,PERCENT
10.0,10.6,10.6.1,SG_INT_MBRDEV,"Proportion of members of developing countries in international organizations, by organization (%)",858.0,Uruguay,2015.0,0.54348,2015,,,,,IFC 2015 Annual Report Volume 2,,,,,,,,,,,IFC,G,,,,G,,,PERCENT
10.0,10.6,10.6.1,SG_INT_MBRDEV,"Proportion of members of developing countries in international organizations, by organization (%)",858.0,Uruguay,2015.0,2.08333,2015,,,,,Inter-American Development Bank Annual Report 2015,,,,,,,,,,,IADB,G,,,,G,,,PERCENT
10.0,10.6,10.6.1,SG_INT_MBRDEV,"Proportion of members of developing countries in international organizations, by organization (%)",858.0,Uruguay,2015.0,0.53191,2015,,,,,"International Bank for Reconstruction and Development Management’s Discussion & Analysis and Financial Statements June 30, 2015",,,,,,,,,,,IBRD,G,,,,G,,,PERCENT
10.0,10.6,10.6.1,SG_INT_MBRDEV,"Proportion of members of developing countries in international organizations, by organization (%)",858.0,Uruguay,2015.0,0.53191,2015,,,,,IMF Annual Report 2015,,,,,,,,,,,IMF,G,,,,G,,,PERCENT
10.0,10.6,10.6.1,SG_INT_MBRDEV,"Proportion of members of developing countries in international organizations, by organization (%)",858.0,Uruguay,2015.0,0.51813,2015,,,,,UN General Assembly website http://www.un.org/en/member-states/index.html,,,,,,,,,,,UNGA,G,,,,G,,,PERCENT
10.0,10.6,10.6.1,SG_INT_MBRDEV,"Proportion of members of developing countries in international organizations, by organization (%)",858.0,Uruguay,2015.0,0.625,2015,,,,,WTO Annual Report 2015,,,,,,,,,,,WTO,G,,,,G,,,PERCENT
10.0,10.6,10.6.1,SG_INT_MBRDEV,"Proportion of members of developing countries in international organizations, by organization (%)",858.0,Uruguay,2016.0,6.66667,2016,,,,,Report of the Security Council (A/71/2),,,,,,,,,,,UNSC,G,,,,G,,,PERCENT
10.0,10.6,10.6.1,SG_INT_MBRDEV,"Proportion of members of developing countries in international organizations, by organization (%)",858.0,Uruguay,2016.0,0.51813,2016,,,,,UN General Assembly website http://www.un.org/en/member-states/index.html,,,,,,,,,,,UNGA,G,,,,G,,,PERCENT
10.0,10.6,10.6.1,SG_INT_MBRDEV,"Proportion of members of developing countries in international organizations, by organization (%)",858.0,Uruguay,2016.0,0.61728,2016,,,,,WTO Annual Report 2016,,,,,,,,,,,WTO,G,,,,G,,,PERCENT
10.0,10.6,10.6.1,SG_INT_MBRDEV,"Proportion of members of developing countries in international organizations, by organization (%)",858.0,Uruguay,2016.0,0.53191,2016,,,,,IMF Annual Report 2016,,,,,,,,,,,IMF,G,,,,G,,,PERCENT
10.0,10.6,10.6.1,SG_INT_MBRDEV,"Proportion of members of developing countries in international organizations, by organization (%)",858.0,Uruguay,2016.0,0.53191,2016,,,,,"International Bank for Reconstruction and Development Management’s Discussion & Analysis and Financial Statements June 30, 2016",,,,,,,,,,,IBRD,G,,,,G,,,PERCENT
10.0,10.6,10.6.1,SG_INT_MBRDEV,"Proportion of members of developing countries in international organizations, by organization (%)",858.0,Uruguay,2016.0,2.08333,2016,,,,,Inter-American Development Bank Annual Report 2016,,,,,,,,,,,IADB,G,,,,G,,,PERCENT
10.0,10.6,10.6.1,SG_INT_MBRDEV,"Proportion of members of developing countries in international organizations, by organization (%)",858.0,Uruguay,2016.0,0.54348,2016,,,,,IFC 2016 Annual Report Volume 2,,,,,,,,,,,IFC,G,,,,G,,,PERCENT
10.0,10.6,10.6.1,SG_INT_MBRDEV,"Proportion of members of developing countries in international organizations, by organization (%)",858.0,Uruguay,2017.0,0.5291,2017,,,,,"International Bank for Reconstruction and Development Management’s Discussion & Analysis and Financial Statements June 30, 2017",,,,,,,,,,,IBRD,G,,,,G,,,PERCENT
10.0,10.6,10.6.1,SG_INT_MBRDEV,"Proportion of members of developing countries in international organizations, by organization (%)",858.0,Uruguay,2017.0,0.5291,2017,,,,,IMF Annual Report 2017,,,,,,,,,,,IMF,G,,,,G,,,PERCENT
10.0,10.6,10.6.1,SG_INT_MBRDEV,"Proportion of members of developing countries in international organizations, by organization (%)",858.0,Uruguay,2017.0,0.54348,2017,,,,,IFC 2017 Annual Report Volume 2,,,,,,,,,,,IFC,G,,,,G,,,PERCENT
10.0,10.6,10.6.1,SG_INT_MBRDEV,"Proportion of members of developing countries in international organizations, by organization (%)",858.0,Uruguay,2017.0,0.60976,2017,,,,,WTO Annual Report 2017,,,,,,,,,,,WTO,G,,,,G,,,PERCENT
10.0,10.6,10.6.1,SG_INT_MBRDEV,"Proportion of members of developing countries in international organizations, by organization (%)",858.0,Uruguay,2017.0,0.51813,2017,,,,,UN General Assembly website http://www.un.org/en/member-states/index.html,,,,,,,,,,,UNGA,G,,,,G,,,PERCENT
10.0,10.6,10.6.1,SG_INT_MBRDEV,"Proportion of members of developing countries in international organizations, by organization (%)",858.0,Uruguay,2017.0,6.66667,2017,,,,,Report of the Security Council for 2017 (A/72/2),,,,,,,,,,,UNSC,G,,,,G,,,PERCENT
10.0,10.6,10.6.1,SG_INT_MBRDEV,"Proportion of members of developing countries in international organizations, by organization (%)",858.0,Uruguay,2017.0,2.08333,2017,,,,,Inter-American Development Bank Annual Report 2017,,,,,,,,,,,IADB,G,,,,G,,,PERCENT
10.0,10.6,10.6.1,SG_INT_MBRDEV,"Proportion of members of developing countries in international organizations, by organization (%)",858.0,Uruguay,2018.0,0.60976,2018,,,,,WTO Annual Report 2018,,,,,,,,,,,WTO,G,,,,G,,,PERCENT
10.0,10.6,10.6.1,SG_INT_MBRDEV,"Proportion of members of developing countries in international organizations, by organization (%)",858.0,Uruguay,2018.0,0.51813,2018,,,,,UN General Assembly website http://www.un.org/en/member-states/index.html,,,,,,,,,,,UNGA,G,,,,G,,,PERCENT
10.0,10.6,10.6.1,SG_INT_MBRDEV,"Proportion of members of developing countries in international organizations, by organization (%)",858.0,Uruguay,2018.0,0.54348,2018,,,,,IFC 2018 Annual Report Volume 2,,,,,,,,,,,IFC,G,,,,G,,,PERCENT
10.0,10.6,10.6.1,SG_INT_MBRDEV,"Proportion of members of developing countries in international organizations, by organization (%)",858.0,Uruguay,2018.0,0.5291,2018,,,,,IMF Annual Report 2018,,,,,,,,,,,IMF,G,,,,G,,,PERCENT
10.0,10.6,10.6.1,SG_INT_MBRDEV,"Proportion of members of developing countries in international organizations, by organization (%)",858.0,Uruguay,2018.0,0.5291,2018,,,,,"International Bank for Reconstruction and Development Management’s Discussion & Analysis and Financial Statements June 30, 2018",,,,,,,,,,,IBRD,G,,,,G,,,PERCENT
10.0,10.6,10.6.1,SG_INT_MBRDEV,"Proportion of members of developing countries in international organizations, by organization (%)",858.0,Uruguay,2018.0,2.08333,2018,,,,,Inter-American Development Bank Annual Report 2018,,,,,,,,,,,IADB,G,,,,G,,,PERCENT
10.0,10.6,10.6.1,SG_INT_MBRDEV,"Proportion of members of developing countries in international organizations, by organization (%)",858.0,Uruguay,2018.0,1.85185,2018,,,,,Report of the Economic and Social Council on its 2018 Session (A/73/3),,,,,,,,,,,ECOSOC,G,,,,G,,,PERCENT
10.0,10.6,10.6.1,SG_INT_MBRDEV,"Proportion of members of developing countries in international organizations, by organization (%)",858.0,Uruguay,2019.0,1.85185,2019,,,,,Report of the Economic and Social Council on its 2019 Session (A/74/3),,,,,,,,,,,ECOSOC,G,,,,G,,,PERCENT
10.0,10.6,10.6.1,SG_INT_MBRDEV,"Proportion of members of developing countries in international organizations, by organization (%)",858.0,Uruguay,2019.0,2.08333,2019,,,,,Inter-American Development Bank Annual Report 2019,,,,,,,,,,,IADB,G,,,,G,,,PERCENT
10.0,10.6,10.6.1,SG_INT_MBRDEV,"Proportion of members of developing countries in international organizations, by organization (%)",858.0,Uruguay,2019.0,0.5291,2019,,,,,IMF Annual Report 2019,,,,,,,,,,,IMF,G,,,,G,,,PERCENT
10.0,10.6,10.6.1,SG_INT_MBRDEV,"Proportion of members of developing countries in international organizations, by organization (%)",858.0,Uruguay,2019.0,0.5435,2019,,,,,IFC 2019 Annual Report Volume 2,,,,,,,,,,,IFC,G,,,,G,,,PERCENT
10.0,10.6,10.6.1,SG_INT_MBRDEV,"Proportion of members of developing countries in international organizations, by organization (%)",858.0,Uruguay,2019.0,0.5291,2019,,,,,"International Bank for Reconstruction and Development Management’s Discussion & Analysis and Financial Statements June 30, 2019 ",,,,,,,,,,,IBRD,G,,,,G,,,PERCENT
10.0,10.6,10.6.1,SG_INT_MBRDEV,"Proportion of members of developing countries in international organizations, by organization (%)",858.0,Uruguay,2019.0,0.60976,2019,,,,,WTO Annual Report 2019,,,,,,,,,,,WTO,G,,,,G,,,PERCENT
10.0,10.6,10.6.1,SG_INT_MBRDEV,"Proportion of members of developing countries in international organizations, by organization (%)",858.0,Uruguay,2019.0,0.51813,2019,,,,,UN General Assembly website http://www.un.org/en/member-states/index.html,,,,,,,,,,,UNGA,G,,,,G,,,PERCENT
10.0,10.6,10.6.1,SG_INT_MBRDEV,"Proportion of members of developing countries in international organizations, by organization (%)",858.0,Uruguay,2020.0,0.5291,2020,,,,,"International Bank for Reconstruction and Development Management’s Discussion & Analysis and Financial Statements June 30, 2020",,,,,,,,,,,IBRD,G,,,,G,,,PERCENT
10.0,10.6,10.6.1,SG_INT_MBRDEV,"Proportion of members of developing countries in international organizations, by organization (%)",858.0,Uruguay,2020.0,0.5291,2020,,,,,IMF Annual Report 2020,,,,,,,,,,,IMF,G,,,,G,,,PERCENT
10.0,10.6,10.6.1,SG_INT_MBRDEV,"Proportion of members of developing countries in international organizations, by organization (%)",858.0,Uruguay,2020.0,0.54054,2020,,,,,IFC 2020 Annual Report Volume 2,,,,,,,,,,,IFC,G,,,,G,,,PERCENT
10.0,10.6,10.6.1,SG_INT_MBRDEV,"Proportion of members of developing countries in international organizations, by organization (%)",858.0,Uruguay,2020.0,2.08333,2020,,,,,Inter-American Development Bank Annual Report 2020,,,,,,,,,,,IADB,G,,,,G,,,PERCENT
10.0,10.6,10.6.1,SG_INT_MBRDEV,"Proportion of members of developing countries in international organizations, by organization (%)",858.0,Uruguay,2020.0,1.85185,2020,,,,,Report of the Economic and Social Council on its 2020 Session (A/75/3/Rev.1),,,,,,,,,,,ECOSOC,G,,,,G,,,PERCENT
10.0,10.6,10.6.1,SG_INT_MBRDEV,"Proportion of members of developing countries in international organizations, by organization (%)",858.0,Uruguay,2020.0,0.51813,2020,,,,,UN General Assembly website http://www.un.org/en/member-states/index.html,,,,,,,,,,,UNGA,G,,,,G,,,PERCENT
10.0,10.6,10.6.1,SG_INT_MBRDEV,"Proportion of members of developing countries in international organizations, by organization (%)",858.0,Uruguay,2020.0,0.60976,2020,,,,,WTO Annual Report 2020,,,,,,,,,,,WTO,G,,,,G,,,PERCENT
10.0,10.6,10.6.1,SG_INT_MBRDEV,"Proportion of members of developing countries in international organizations, by organization (%)",858.0,Uruguay,2021.0,2.08333,2021,,,,,Inter-American Development Bank Annual Report 2021,,,,,,,,,,,IADB,G,,,,G,,,PERCENT
10.0,10.6,10.6.1,SG_INT_MBRDEV,"Proportion of members of developing countries in international organizations, by organization (%)",858.0,Uruguay,2021.0,0.54054,2021,,,,,IFC 2021 Annual Report Volume 2,,,,,,,,,,,IFC,G,,,,G,,,PERCENT
10.0,10.6,10.6.1,SG_INT_MBRDEV,"Proportion of members of developing countries in international organizations, by organization (%)",858.0,Uruguay,2021.0,0.5291,2021,,,,,"International Bank for Reconstruction and Development Management’s Discussion & Analysis and Financial Statements June 30, 2021",,,,,,,,,,,IBRD,G,,,,G,,,PERCENT
10.0,10.6,10.6.1,SG_INT_MBRDEV,"Proportion of members of developing countries in international organizations, by organization (%)",858.0,Uruguay,2021.0,0.51813,2021,,,,,UN General Assembly website http://www.un.org/en/member-states/index.html,,,,,,,,,,,UNGA,G,,,,G,,,PERCENT
10.0,10.6,10.6.1,SG_INT_MBRDEV,"Proportion of members of developing countries in international organizations, by organization (%)",858.0,Uruguay,2021.0,0.52632,2021,,,,,IMF Annual Report 2021,,,,,,,,,,,IMF,G,,,,G,,,PERCENT
10.0,10.6,10.6.1,SG_INT_MBRDEV,"Proportion of members of developing countries in international organizations, by organization (%)",858.0,Uruguay,2021.0,0.60976,2021,,,,,WTO Annual Report 2021,,,,,,,,,,,WTO,G,,,,G,,,PERCENT
10.0,10.6,10.6.1,SG_INT_MBRDEV,"Proportion of members of developing countries in international organizations, by organization (%)",858.0,Uruguay,2022.0,0.5291,2022,,,,,"International Bank for Reconstruction and Development Management’s Discussion & Analysis and Financial Statements June 30, 2022",,,,,,,,,,,IBRD,G,,,,G,,,PERCENT
10.0,10.6,10.6.1,SG_INT_MBRDEV,"Proportion of members of developing countries in international organizations, by organization (%)",858.0,Uruguay,2022.0,0.53763,2022,,,,,IFC 2022 Annual Report Volume 2,,,,,,,,,,,IFC,G,,,,G,,,PERCENT
10.0,10.6,10.6.1,SG_INT_MBRDEV,"Proportion of members of developing countries in international organizations, by organization (%)",858.0,Uruguay,2022.0,0.60976,2022,,,,,WTO Annual Report 2022,,,,,,,,,,,WTO,G,,,,G,,,PERCENT
10.0,10.6,10.6.1,SG_INT_MBRDEV,"Proportion of members of developing countries in international organizations, by organization (%)",858.0,Uruguay,2022.0,0.51813,2022,,,,,UN General Assembly website http://www.un.org/en/member-states/index.html,,,,,,,,,,,UNGA,G,,,,G,,,PERCENT
10.0,10.6,10.6.1,SG_INT_MBRDEV,"Proportion of members of developing countries in international organizations, by organization (%)",858.0,Uruguay,2022.0,0.52632,2022,,,,,IMF Annual Report 2022,,,,,,,,,,,IMF,G,,,,G,,,PERCENT
10.0,10.6,10.6.1,SG_INT_VRTDEV,"Proportion of voting rights of developing countries in international organizations, by organization (%)",858.0,Uruguay,2000.0,0.1591,2000,,,,,IFC 2000 Annual Report Volume 2,,,,,,,,,,,IFC,G,,,,G,,,PERCENT
10.0,10.6,10.6.1,SG_INT_VRTDEV,"Proportion of voting rights of developing countries in international organizations, by organization (%)",858.0,Uruguay,2000.0,0.1549,2000,,,,,IMF Annual Report 2000,,,,,,,,,,,IMF,G,,,,G,,,PERCENT
10.0,10.6,10.6.1,SG_INT_VRTDEV,"Proportion of voting rights of developing countries in international organizations, by organization (%)",858.0,Uruguay,2000.0,0.1902,2000,,,,,The World Bank Annual Report 2000: Financial Statement and Appendixes to the Annual Report,,,,,,,,,,,IBRD,G,,,,G,,,PERCENT
10.0,10.6,10.6.1,SG_INT_VRTDEV,"Proportion of voting rights of developing countries in international organizations, by organization (%)",858.0,Uruguay,2000.0,1.154,2000,,,,,Inter-American Development Bank Annual Report 2000,,,,,,,,,,,IADB,G,,,,G,,,PERCENT
10.0,10.6,10.6.1,SG_INT_VRTDEV,"Proportion of voting rights of developing countries in international organizations, by organization (%)",858.0,Uruguay,2000.0,0.7143,2000,,,,,WTO Annual Report 2015,,,,,,,,,,,WTO,G,,,,G,,,PERCENT
10.0,10.6,10.6.1,SG_INT_VRTDEV,"Proportion of voting rights of developing countries in international organizations, by organization (%)",858.0,Uruguay,2000.0,0.5291,2000,,,,,UN General Assembly website http://www.un.org/en/member-states/index.html,,,,,,,,,,,UNGA,G,,,,G,,,PERCENT
10.0,10.6,10.6.1,SG_INT_VRTDEV,"Proportion of voting rights of developing countries in international organizations, by organization (%)",858.0,Uruguay,2005.0,0.6711,2005,,,,,WTO Annual Report 2015,,,,,,,,,,,WTO,G,,,,G,,,PERCENT
10.0,10.6,10.6.1,SG_INT_VRTDEV,"Proportion of voting rights of developing countries in international organizations, by organization (%)",858.0,Uruguay,2005.0,0.5236,2005,,,,,UN General Assembly website http://www.un.org/en/member-states/index.html,,,,,,,,,,,UNGA,G,,,,G,,,PERCENT
10.0,10.6,10.6.1,SG_INT_VRTDEV,"Proportion of voting rights of developing countries in international organizations, by organization (%)",858.0,Uruguay,2005.0,1.154,2005,,,,,Inter-American Development Bank Annual Report 2005,,,,,,,,,,,IADB,G,,,,G,,,PERCENT
10.0,10.6,10.6.1,SG_INT_VRTDEV,"Proportion of voting rights of developing countries in international organizations, by organization (%)",858.0,Uruguay,2005.0,0.1892,2005,,,,,"International Bank for Reconstruction and Development Management’s Discussion & Analysis and Financial Statements June 30, 2005",,,,,,,,,,,IBRD,G,,,,G,,,PERCENT
10.0,10.6,10.6.1,SG_INT_VRTDEV,"Proportion of voting rights of developing countries in international organizations, by organization (%)",858.0,Uruguay,2005.0,0.1524,2005,,,,,IMF Annual Report 2005,,,,,,,,,,,IMF,G,,,,G,,,PERCENT
10.0,10.6,10.6.1,SG_INT_VRTDEV,"Proportion of voting rights of developing countries in international organizations, by organization (%)",858.0,Uruguay,2005.0,0.1586,2005,,,,,IFC 2005 Annual Report Volume 2,,,,,,,,,,,IFC,G,,,,G,,,PERCENT
10.0,10.6,10.6.1,SG_INT_VRTDEV,"Proportion of voting rights of developing countries in international organizations, by organization (%)",858.0,Uruguay,2010.0,0.1497,2010,,,,,IMF Annual Report 2010,,,,,,,,,,,IMF,G,,,,G,,,PERCENT
10.0,10.6,10.6.1,SG_INT_VRTDEV,"Proportion of voting rights of developing countries in international organizations, by organization (%)",858.0,Uruguay,2010.0,1.85185,2010,,,,,Report of the Economic and Social Council for 2010 (A/65/3),,,,,,,,,,,ECOSOC,G,,,,G,,,PERCENT
10.0,10.6,10.6.1,SG_INT_VRTDEV,"Proportion of voting rights of developing countries in international organizations, by organization (%)",858.0,Uruguay,2010.0,0.1581,2010,,,,,IFC 2010 Annual Report Volume 2,,,,,,,,,,,IFC,G,,,,G,,,PERCENT
10.0,10.6,10.6.1,SG_INT_VRTDEV,"Proportion of voting rights of developing countries in international organizations, by organization (%)",858.0,Uruguay,2010.0,0.1889,2010,,,,,"International Bank for Reconstruction and Development Management’s Discussion & Analysis and Financial Statements June 30, 2010",,,,,,,,,,,IBRD,G,,,,G,,,PERCENT
10.0,10.6,10.6.1,SG_INT_VRTDEV,"Proportion of voting rights of developing countries in international organizations, by organization (%)",858.0,Uruguay,2010.0,1.154,2010,,,,,Inter-American Development Bank Annual Report 2010,,,,,,,,,,,IADB,G,,,,G,,,PERCENT
10.0,10.6,10.6.1,SG_INT_VRTDEV,"Proportion of voting rights of developing countries in international organizations, by organization (%)",858.0,Uruguay,2010.0,0.5208,2010,,,,,UN General Assembly website http://www.un.org/en/member-states/index.html,,,,,,,,,,,UNGA,G,,,,G,,,PERCENT
10.0,10.6,10.6.1,SG_INT_VRTDEV,"Proportion of voting rights of developing countries in international organizations, by organization (%)",858.0,Uruguay,2010.0,0.6536,2010,,,,,WTO Annual Report 2015,,,,,,,,,,,WTO,G,,,,G,,,PERCENT
10.0,10.6,10.6.1,SG_INT_VRTDEV,"Proportion of voting rights of developing countries in international organizations, by organization (%)",858.0,Uruguay,2015.0,0.5181,2015,,,,,UN General Assembly website http://www.un.org/en/member-states/index.html,,,,,,,,,,,UNGA,G,,,,G,,,PERCENT
10.0,10.6,10.6.1,SG_INT_VRTDEV,"Proportion of voting rights of developing countries in international organizations, by organization (%)",858.0,Uruguay,2015.0,0.625,2015,,,,,WTO Annual Report 2015,,,,,,,,,,,WTO,G,,,,G,,,PERCENT
10.0,10.6,10.6.1,SG_INT_VRTDEV,"Proportion of voting rights of developing countries in international organizations, by organization (%)",858.0,Uruguay,2015.0,1.21,2015,,,,,Inter-American Development Bank Annual Report 2015,,,,,,,,,,,IADB,G,,,,G,,,PERCENT
10.0,10.6,10.6.1,SG_INT_VRTDEV,"Proportion of voting rights of developing countries in international organizations, by organization (%)",858.0,Uruguay,2015.0,0.1788,2015,,,,,"International Bank for Reconstruction and Development Management’s Discussion & Analysis and Financial Statements June 30, 2015",,,,,,,,,,,IBRD,G,,,,G,,,PERCENT
10.0,10.6,10.6.1,SG_INT_VRTDEV,"Proportion of voting rights of developing countries in international organizations, by organization (%)",858.0,Uruguay,2015.0,0.16153,2015,,,,,IFC 2015 Annual Report Volume 2,,,,,,,,,,,IFC,G,,,,G,,,PERCENT
10.0,10.6,10.6.1,SG_INT_VRTDEV,"Proportion of voting rights of developing countries in international organizations, by organization (%)",858.0,Uruguay,2015.0,0.1509,2015,,,,,IMF Annual Report 2015,,,,,,,,,,,IMF,G,,,,G,,,PERCENT
10.0,10.6,10.6.1,SG_INT_VRTDEV,"Proportion of voting rights of developing countries in international organizations, by organization (%)",858.0,Uruguay,2016.0,0.115,2016,,,,,IMF Annual Report 2016,,,,,,,,,,,IMF,G,,,,G,,,PERCENT
10.0,10.6,10.6.1,SG_INT_VRTDEV,"Proportion of voting rights of developing countries in international organizations, by organization (%)",858.0,Uruguay,2016.0,0.16153,2016,,,,,IFC 2016 Annual Report Volume 2,,,,,,,,,,,IFC,G,,,,G,,,PERCENT
10.0,10.6,10.6.1,SG_INT_VRTDEV,"Proportion of voting rights of developing countries in international organizations, by organization (%)",858.0,Uruguay,2016.0,0.18,2016,,,,,"International Bank for Reconstruction and Development Management’s Discussion & Analysis and Financial Statements June 30, 2016",,,,,,,,,,,IBRD,G,,,,G,,,PERCENT
10.0,10.6,10.6.1,SG_INT_VRTDEV,"Proportion of voting rights of developing countries in international organizations, by organization (%)",858.0,Uruguay,2016.0,1.21,2016,,,,,Inter-American Development Bank Annual Report 2016,,,,,,,,,,,IADB,G,,,,G,,,PERCENT
10.0,10.6,10.6.1,SG_INT_VRTDEV,"Proportion of voting rights of developing countries in international organizations, by organization (%)",858.0,Uruguay,2016.0,6.6667,2016,,,,,Report of the Security Council (A/71/2),,,,,,,,,,,UNSC,G,,,,G,,,PERCENT
10.0,10.6,10.6.1,SG_INT_VRTDEV,"Proportion of voting rights of developing countries in international organizations, by organization (%)",858.0,Uruguay,2016.0,0.5181,2016,,,,,UN General Assembly website http://www.un.org/en/member-states/index.html,,,,,,,,,,,UNGA,G,,,,G,,,PERCENT
10.0,10.6,10.6.1,SG_INT_VRTDEV,"Proportion of voting rights of developing countries in international organizations, by organization (%)",858.0,Uruguay,2016.0,0.6173,2016,,,,,WTO Annual Report 2016,,,,,,,,,,,WTO,G,,,,G,,,PERCENT
10.0,10.6,10.6.1,SG_INT_VRTDEV,"Proportion of voting rights of developing countries in international organizations, by organization (%)",858.0,Uruguay,2017.0,0.5181,2017,,,,,UN General Assembly website http://www.un.org/en/member-states/index.html,,,,,,,,,,,UNGA,G,,,,G,,,PERCENT
10.0,10.6,10.6.1,SG_INT_VRTDEV,"Proportion of voting rights of developing countries in international organizations, by organization (%)",858.0,Uruguay,2017.0,0.6098,2017,,,,,WTO Annual Report 2017,,,,,,,,,,,WTO,G,,,,G,,,PERCENT
10.0,10.6,10.6.1,SG_INT_VRTDEV,"Proportion of voting rights of developing countries in international organizations, by organization (%)",858.0,Uruguay,2017.0,1.21,2017,,,,,Inter-American Development Bank Annual Report 2017,,,,,,,,,,,IADB,G,,,,G,,,PERCENT
10.0,10.6,10.6.1,SG_INT_VRTDEV,"Proportion of voting rights of developing countries in international organizations, by organization (%)",858.0,Uruguay,2017.0,0.1803,2017,,,,,"International Bank for Reconstruction and Development Management’s Discussion & Analysis and Financial Statements June 30, 2017",,,,,,,,,,,IBRD,G,,,,G,,,PERCENT
10.0,10.6,10.6.1,SG_INT_VRTDEV,"Proportion of voting rights of developing countries in international organizations, by organization (%)",858.0,Uruguay,2017.0,0.16153,2017,,,,,IFC 2017 Annual Report Volume 2,,,,,,,,,,,IFC,G,,,,G,,,PERCENT
10.0,10.6,10.6.1,SG_INT_VRTDEV,"Proportion of voting rights of developing countries in international organizations, by organization (%)",858.0,Uruguay,2017.0,0.1144,2017,,,,,IMF Annual Report 2017,,,,,,,,,,,IMF,G,,,,G,,,PERCENT
10.0,10.6,10.6.1,SG_INT_VRTDEV,"Proportion of voting rights of developing countries in international organizations, by organization (%)",858.0,Uruguay,2017.0,6.6667,2017,,,,,Report of the Security Council for 2017 (A/72/2),,,,,,,,,,,UNSC,G,,,,G,,,PERCENT
10.0,10.6,10.6.1,SG_INT_VRTDEV,"Proportion of voting rights of developing countries in international organizations, by organization (%)",858.0,Uruguay,2018.0,0.1144,2018,,,,,IMF Annual Report 2018,,,,,,,,,,,IMF,G,,,,G,,,PERCENT
10.0,10.6,10.6.1,SG_INT_VRTDEV,"Proportion of voting rights of developing countries in international organizations, by organization (%)",858.0,Uruguay,2018.0,1.85185,2018,,,,,Report of the Economic and Social Council on its 2018 Session (A/73/3),,,,,,,,,,,ECOSOC,G,,,,G,,,PERCENT
10.0,10.6,10.6.1,SG_INT_VRTDEV,"Proportion of voting rights of developing countries in international organizations, by organization (%)",858.0,Uruguay,2018.0,0.1615,2018,,,,,IFC 2018 Annual Report Volume 2,,,,,,,,,,,IFC,G,,,,G,,,PERCENT
10.0,10.6,10.6.1,SG_INT_VRTDEV,"Proportion of voting rights of developing countries in international organizations, by organization (%)",858.0,Uruguay,2018.0,0.1771,2018,,,,,"International Bank for Reconstruction and Development Management’s Discussion & Analysis and Financial Statements June 30, 2018",,,,,,,,,,,IBRD,G,,,,G,,,PERCENT
10.0,10.6,10.6.1,SG_INT_VRTDEV,"Proportion of voting rights of developing countries in international organizations, by organization (%)",858.0,Uruguay,2018.0,1.219,2018,,,,,Inter-American Development Bank Annual Report 2018,,,,,,,,,,,IADB,G,,,,G,,,PERCENT
10.0,10.6,10.6.1,SG_INT_VRTDEV,"Proportion of voting rights of developing countries in international organizations, by organization (%)",858.0,Uruguay,2018.0,0.6098,2018,,,,,WTO Annual Report 2018,,,,,,,,,,,WTO,G,,,,G,,,PERCENT
10.0,10.6,10.6.1,SG_INT_VRTDEV,"Proportion of voting rights of developing countries in international organizations, by organization (%)",858.0,Uruguay,2018.0,0.5181,2018,,,,,UN General Assembly website http://www.un.org/en/member-states/index.html,,,,,,,,,,,UNGA,G,,,,G,,,PERCENT
10.0,10.6,10.6.1,SG_INT_VRTDEV,"Proportion of voting rights of developing countries in international organizations, by organization (%)",858.0,Uruguay,2019.0,0.5181,2019,,,,,UN General Assembly website http://www.un.org/en/member-states/index.html,,,,,,,,,,,UNGA,G,,,,G,,,PERCENT
10.0,10.6,10.6.1,SG_INT_VRTDEV,"Proportion of voting rights of developing countries in international organizations, by organization (%)",858.0,Uruguay,2019.0,0.6098,2019,,,,,WTO Annual Report 2019,,,,,,,,,,,WTO,G,,,,G,,,PERCENT
10.0,10.6,10.6.1,SG_INT_VRTDEV,"Proportion of voting rights of developing countries in international organizations, by organization (%)",858.0,Uruguay,2019.0,0.1603,2019,,,,,IFC 2019 Annual Report Volume 2,,,,,,,,,,,IFC,G,,,,G,,,PERCENT
10.0,10.6,10.6.1,SG_INT_VRTDEV,"Proportion of voting rights of developing countries in international organizations, by organization (%)",858.0,Uruguay,2019.0,0.1744,2019,,,,,"International Bank for Reconstruction and Development Management’s Discussion & Analysis and Financial Statements June 30, 2019 ",,,,,,,,,,,IBRD,G,,,,G,,,PERCENT
10.0,10.6,10.6.1,SG_INT_VRTDEV,"Proportion of voting rights of developing countries in international organizations, by organization (%)",858.0,Uruguay,2019.0,1.85185,2019,,,,,Report of the Economic and Social Council on its 2019 Session (A/74/3),,,,,,,,,,,ECOSOC,G,,,,G,,,PERCENT
10.0,10.6,10.6.1,SG_INT_VRTDEV,"Proportion of voting rights of developing countries in international organizations, by organization (%)",858.0,Uruguay,2019.0,0.1144,2019,,,,,IMF Annual Report 2019,,,,,,,,,,,IMF,G,,,,G,,,PERCENT
10.0,10.6,10.6.1,SG_INT_VRTDEV,"Proportion of voting rights of developing countries in international organizations, by organization (%)",858.0,Uruguay,2019.0,1.219,2019,,,,,Inter-American Development Bank Annual Report 2019,,,,,,,,,,,IADB,G,,,,G,,,PERCENT
10.0,10.6,10.6.1,SG_INT_VRTDEV,"Proportion of voting rights of developing countries in international organizations, by organization (%)",858.0,Uruguay,2020.0,0.11436,2020,,,,,IMF Annual Report 2020,,,,,,,,,,,IMF,G,,,,G,,,PERCENT
10.0,10.6,10.6.1,SG_INT_VRTDEV,"Proportion of voting rights of developing countries in international organizations, by organization (%)",858.0,Uruguay,2020.0,0.16134,2020,,,,,IFC 2020 Annual Report Volume 2,,,,,,,,,,,IFC,G,,,,G,,,PERCENT
10.0,10.6,10.6.1,SG_INT_VRTDEV,"Proportion of voting rights of developing countries in international organizations, by organization (%)",858.0,Uruguay,2020.0,1.85185,2020,,,,,Report of the Economic and Social Council on its 2020 Session (A/75/3/Rev.1),,,,,,,,,,,ECOSOC,G,,,,G,,,PERCENT
10.0,10.6,10.6.1,SG_INT_VRTDEV,"Proportion of voting rights of developing countries in international organizations, by organization (%)",858.0,Uruguay,2020.0,0.17032,2020,,,,,"International Bank for Reconstruction and Development Management’s Discussion & Analysis and Financial Statements June 30, 2020",,,,,,,,,,,IBRD,G,,,,G,,,PERCENT
10.0,10.6,10.6.1,SG_INT_VRTDEV,"Proportion of voting rights of developing countries in international organizations, by organization (%)",858.0,Uruguay,2020.0,1.219,2020,,,,,Inter-American Development Bank Annual Report 2020,,,,,,,,,,,IADB,G,,,,G,,,PERCENT
10.0,10.6,10.6.1,SG_INT_VRTDEV,"Proportion of voting rights of developing countries in international organizations, by organization (%)",858.0,Uruguay,2020.0,0.5181,2020,,,,,UN General Assembly website http://www.un.org/en/member-states/index.html,,,,,,,,,,,UNGA,G,,,,G,,,PERCENT
10.0,10.6,10.6.1,SG_INT_VRTDEV,"Proportion of voting rights of developing countries in international organizations, by organization (%)",858.0,Uruguay,2020.0,0.60976,2020,,,,,WTO Annual Report 2020,,,,,,,,,,,WTO,G,,,,G,,,PERCENT
10.0,10.6,10.6.1,SG_INT_VRTDEV,"Proportion of voting rights of developing countries in international organizations, by organization (%)",858.0,Uruguay,2021.0,0.11409,2021,,,,,IMF Annual Report 2021,,,,,,,,,,,IMF,G,,,,G,,,PERCENT
10.0,10.6,10.6.1,SG_INT_VRTDEV,"Proportion of voting rights of developing countries in international organizations, by organization (%)",858.0,Uruguay,2021.0,0.60976,2021,,,,,WTO Annual Report 2021,,,,,,,,,,,WTO,G,,,,G,,,PERCENT
10.0,10.6,10.6.1,SG_INT_VRTDEV,"Proportion of voting rights of developing countries in international organizations, by organization (%)",858.0,Uruguay,2021.0,1.219,2021,,,,,Inter-American Development Bank Annual Report 2021,,,,,,,,,,,IADB,G,,,,G,,,PERCENT
10.0,10.6,10.6.1,SG_INT_VRTDEV,"Proportion of voting rights of developing countries in international organizations, by organization (%)",858.0,Uruguay,2021.0,0.16519,2021,,,,,"International Bank for Reconstruction and Development Management’s Discussion & Analysis and Financial Statements June 30, 2021",,,,,,,,,,,IBRD,G,,,,G,,,PERCENT
10.0,10.6,10.6.1,SG_INT_VRTDEV,"Proportion of voting rights of developing countries in international organizations, by organization (%)",858.0,Uruguay,2021.0,0.15295,2021,,,,,IFC 2021 Annual Report Volume 2,,,,,,,,,,,IFC,G,,,,G,,,PERCENT
10.0,10.6,10.6.1,SG_INT_VRTDEV,"Proportion of voting rights of developing countries in international organizations, by organization (%)",858.0,Uruguay,2021.0,0.51813,2021,,,,,UN General Assembly website http://www.un.org/en/member-states/index.html,,,,,,,,,,,UNGA,G,,,,G,,,PERCENT
10.0,10.6,10.6.1,SG_INT_VRTDEV,"Proportion of voting rights of developing countries in international organizations, by organization (%)",858.0,Uruguay,2022.0,0.14801,2022,,,,,IFC 2022 Annual Report Volume 2,,,,,,,,,,,IFC,G,,,,G,,,PERCENT
10.0,10.6,10.6.1,SG_INT_VRTDEV,"Proportion of voting rights of developing countries in international organizations, by organization (%)",858.0,Uruguay,2022.0,0.16156,2022,,,,,"International Bank for Reconstruction and Development Management’s Discussion & Analysis and Financial Statements June 30, 2022",,,,,,,,,,,IBRD,G,,,,G,,,PERCENT
10.0,10.6,10.6.1,SG_INT_VRTDEV,"Proportion of voting rights of developing countries in international organizations, by organization (%)",858.0,Uruguay,2022.0,0.51813,2022,,,,,UN General Assembly website http://www.un.org/en/member-states/index.html,,,,,,,,,,,UNGA,G,,,,G,,,PERCENT
10.0,10.6,10.6.1,SG_INT_VRTDEV,"Proportion of voting rights of developing countries in international organizations, by organization (%)",858.0,Uruguay,2022.0,0.60976,2022,,,,,WTO Annual Report 2022,,,,,,,,,,,WTO,G,,,,G,,,PERCENT
10.0,10.6,10.6.1,SG_INT_VRTDEV,"Proportion of voting rights of developing countries in international organizations, by organization (%)",858.0,Uruguay,2022.0,0.11497,2022,,,,,IMF Annual Report 2022,,,,,,,,,,,IMF,G,,,,G,,,PERCENT
10.0,10.7,10.7.2,SG_CPA_MIGRS,"Countries with migration policies to facilitate orderly, safe, regular and responsible migration and mobility of people, by policy domain (1 = Requires further progress; 2 = Partially meets; 3 = Meets; 4 = Fully meets)",858.0,Uruguay,2019.0,3.0,2018-2019,,,,,"United Nation Inquiry among Governments on Population and Development (the “Inquiry”). The Inquiry was sent to 197 countries, including all 193 Member States, two Observer States, and 2 non-member States.",,,,,,,,,,,,C,,DOMAIN4,,G,,,NUMBER
10.0,10.7,10.7.2,SG_CPA_MIGRS,"Countries with migration policies to facilitate orderly, safe, regular and responsible migration and mobility of people, by policy domain (1 = Requires further progress; 2 = Partially meets; 3 = Meets; 4 = Fully meets)",858.0,Uruguay,2019.0,4.0,2018-2019,,,,,"United Nation Inquiry among Governments on Population and Development (the “Inquiry”). The Inquiry was sent to 197 countries, including all 193 Member States, two Observer States, and 2 non-member States.",,,,,,,,,,,,C,,DOMAIN6,,G,,,NUMBER
10.0,10.7,10.7.2,SG_CPA_MIGRS,"Countries with migration policies to facilitate orderly, safe, regular and responsible migration and mobility of people, by policy domain (1 = Requires further progress; 2 = Partially meets; 3 = Meets; 4 = Fully meets)",858.0,Uruguay,2019.0,3.0,2018-2019,,,,,"United Nation Inquiry among Governments on Population and Development (the “Inquiry”). The Inquiry was sent to 197 countries, including all 193 Member States, two Observer States, and 2 non-member States.",,,,,,,,,,,,C,,DOMAIN5,,G,,,NUMBER
10.0,10.7,10.7.2,SG_CPA_MIGRS,"Countries with migration policies to facilitate orderly, safe, regular and responsible migration and mobility of people, by policy domain (1 = Requires further progress; 2 = Partially meets; 3 = Meets; 4 = Fully meets)",858.0,Uruguay,2019.0,4.0,2018-2019,,,,,"United Nation Inquiry among Governments on Population and Development (the “Inquiry”). The Inquiry was sent to 197 countries, including all 193 Member States, two Observer States, and 2 non-member States.",,,,,,,,,,,,C,,DOMAIN2,,G,,,NUMBER
10.0,10.7,10.7.2,SG_CPA_MIGRS,"Countries with migration policies to facilitate orderly, safe, regular and responsible migration and mobility of people, by policy domain (1 = Requires further progress; 2 = Partially meets; 3 = Meets; 4 = Fully meets)",858.0,Uruguay,2019.0,3.0,2018-2019,,,,,"United Nation Inquiry among Governments on Population and Development (the “Inquiry”). The Inquiry was sent to 197 countries, including all 193 Member States, two Observer States, and 2 non-member States.",,,,,,,,,,,,C,,ALLDOMAINS,,G,,,NUMBER
10.0,10.7,10.7.2,SG_CPA_MIGRS,"Countries with migration policies to facilitate orderly, safe, regular and responsible migration and mobility of people, by policy domain (1 = Requires further progress; 2 = Partially meets; 3 = Meets; 4 = Fully meets)",858.0,Uruguay,2019.0,4.0,2018-2019,,,,,"United Nation Inquiry among Governments on Population and Development (the “Inquiry”). The Inquiry was sent to 197 countries, including all 193 Member States, two Observer States, and 2 non-member States.",,,,,,,,,,,,C,,DOMAIN1,,G,,,NUMBER
10.0,10.7,10.7.2,SG_CPA_MIGRS,"Countries with migration policies to facilitate orderly, safe, regular and responsible migration and mobility of people, by policy domain (1 = Requires further progress; 2 = Partially meets; 3 = Meets; 4 = Fully meets)",858.0,Uruguay,2019.0,3.0,2018-2019,,,,,"United Nation Inquiry among Governments on Population and Development (the “Inquiry”). The Inquiry was sent to 197 countries, including all 193 Member States, two Observer States, and 2 non-member States.",,,,,,,,,,,,C,,DOMAIN3,,G,,,NUMBER
10.0,10.7,10.7.2,SG_CPA_MIGRS,"Countries with migration policies to facilitate orderly, safe, regular and responsible migration and mobility of people, by policy domain (1 = Requires further progress; 2 = Partially meets; 3 = Meets; 4 = Fully meets)",858.0,Uruguay,2021.0,3.0,2020-2021,,,,,"United Nation Inquiry among Governments on Population and Development (the “Inquiry”). The Inquiry was sent to 197 countries, including all 193 Member States, two Observer States, and 2 non-member States.",,,,,,,,,,,,C,,DOMAIN4,,G,,,NUMBER
10.0,10.7,10.7.2,SG_CPA_MIGRS,"Countries with migration policies to facilitate orderly, safe, regular and responsible migration and mobility of people, by policy domain (1 = Requires further progress; 2 = Partially meets; 3 = Meets; 4 = Fully meets)",858.0,Uruguay,2021.0,3.0,2020-2021,,,,,"United Nation Inquiry among Governments on Population and Development (the “Inquiry”). The Inquiry was sent to 197 countries, including all 193 Member States, two Observer States, and 2 non-member States.",,,,,,,,,,,,C,,DOMAIN3,,G,,,NUMBER
10.0,10.7,10.7.2,SG_CPA_MIGRS,"Countries with migration policies to facilitate orderly, safe, regular and responsible migration and mobility of people, by policy domain (1 = Requires further progress; 2 = Partially meets; 3 = Meets; 4 = Fully meets)",858.0,Uruguay,2021.0,4.0,2020-2021,,,,,"United Nation Inquiry among Governments on Population and Development (the “Inquiry”). The Inquiry was sent to 197 countries, including all 193 Member States, two Observer States, and 2 non-member States.",,,,,,,,,,,,C,,DOMAIN6,,G,,,NUMBER
10.0,10.7,10.7.2,SG_CPA_MIGRS,"Countries with migration policies to facilitate orderly, safe, regular and responsible migration and mobility of people, by policy domain (1 = Requires further progress; 2 = Partially meets; 3 = Meets; 4 = Fully meets)",858.0,Uruguay,2021.0,4.0,2020-2021,,,,,"United Nation Inquiry among Governments on Population and Development (the “Inquiry”). The Inquiry was sent to 197 countries, including all 193 Member States, two Observer States, and 2 non-member States.",,,,,,,,,,,,C,,DOMAIN1,,G,,,NUMBER
10.0,10.7,10.7.2,SG_CPA_MIGRS,"Countries with migration policies to facilitate orderly, safe, regular and responsible migration and mobility of people, by policy domain (1 = Requires further progress; 2 = Partially meets; 3 = Meets; 4 = Fully meets)",858.0,Uruguay,2021.0,4.0,2020-2021,,,,,"United Nation Inquiry among Governments on Population and Development (the “Inquiry”). The Inquiry was sent to 197 countries, including all 193 Member States, two Observer States, and 2 non-member States.",,,,,,,,,,,,C,,DOMAIN2,,G,,,NUMBER
10.0,10.7,10.7.2,SG_CPA_MIGRS,"Countries with migration policies to facilitate orderly, safe, regular and responsible migration and mobility of people, by policy domain (1 = Requires further progress; 2 = Partially meets; 3 = Meets; 4 = Fully meets)",858.0,Uruguay,2021.0,3.0,2020-2021,,,,,"United Nation Inquiry among Governments on Population and Development (the “Inquiry”). The Inquiry was sent to 197 countries, including all 193 Member States, two Observer States, and 2 non-member States.",,,,,,,,,,,,C,,ALLDOMAINS,,G,,,NUMBER
10.0,10.7,10.7.2,SG_CPA_MIGRS,"Countries with migration policies to facilitate orderly, safe, regular and responsible migration and mobility of people, by policy domain (1 = Requires further progress; 2 = Partially meets; 3 = Meets; 4 = Fully meets)",858.0,Uruguay,2021.0,4.0,2020-2021,,,,,"United Nation Inquiry among Governments on Population and Development (the “Inquiry”). The Inquiry was sent to 197 countries, including all 193 Member States, two Observer States, and 2 non-member States.",,,,,,,,,,,,C,,DOMAIN5,,G,,,NUMBER
10.0,10.7,10.7.4,SM_POP_REFG_OR,"Number of refugees per 100,000 population, by country of origin (per 100,000 population)",858.0,Uruguay,2000.0,1.45557,31 December 2000,,,,,"UNHCR based on National data on refugee populations, available at UNHCR refugee statistics (https://www.unhcr.org/refugee-statistics/), and National population estimates, available in the World Population Prospects (https://population.un.org/wpp/).",,,,,,,,,,,,C,,,,G,,,PER_100000_POP
10.0,10.7,10.7.4,SM_POP_REFG_OR,"Number of refugees per 100,000 population, by country of origin (per 100,000 population)",858.0,Uruguay,2001.0,1.36187,31 December 2001,,,,,"UNHCR based on National data on refugee populations, available at UNHCR refugee statistics (https://www.unhcr.org/refugee-statistics/), and National population estimates, available in the World Population Prospects (https://population.un.org/wpp/).",,,,,,,,,,,,C,,,,G,,,PER_100000_POP
10.0,10.7,10.7.4,SM_POP_REFG_OR,"Number of refugees per 100,000 population, by country of origin (per 100,000 population)",858.0,Uruguay,2002.0,1.8134,31 December 2002,,,,,"UNHCR based on National data on refugee populations, available at UNHCR refugee statistics (https://www.unhcr.org/refugee-statistics/), and National population estimates, available in the World Population Prospects (https://population.un.org/wpp/).",,,,,,,,,,,,C,,,,G,,,PER_100000_POP
10.0,10.7,10.7.4,SM_POP_REFG_OR,"Number of refugees per 100,000 population, by country of origin (per 100,000 population)",858.0,Uruguay,2003.0,1.7815,31 December 2003,,,,,"UNHCR based on National data on refugee populations, available at UNHCR refugee statistics (https://www.unhcr.org/refugee-statistics/), and National population estimates, available in the World Population Prospects (https://population.un.org/wpp/).",,,,,,,,,,,,C,,,,G,,,PER_100000_POP
10.0,10.7,10.7.4,SM_POP_REFG_OR,"Number of refugees per 100,000 population, by country of origin (per 100,000 population)",858.0,Uruguay,2004.0,2.29198,31 December 2004,,,,,"UNHCR based on National data on refugee populations, available at UNHCR refugee statistics (https://www.unhcr.org/refugee-statistics/), and National population estimates, available in the World Population Prospects (https://population.un.org/wpp/).",,,,,,,,,,,,C,,,,G,,,PER_100000_POP
10.0,10.7,10.7.4,SM_POP_REFG_OR,"Number of refugees per 100,000 population, by country of origin (per 100,000 population)",858.0,Uruguay,2005.0,3.22328,31 December 2005,,,,,"UNHCR based on National data on refugee populations, available at UNHCR refugee statistics (https://www.unhcr.org/refugee-statistics/), and National population estimates, available in the World Population Prospects (https://population.un.org/wpp/).",,,,,,,,,,,,C,,,,G,,,PER_100000_POP
10.0,10.7,10.7.4,SM_POP_REFG_OR,"Number of refugees per 100,000 population, by country of origin (per 100,000 population)",858.0,Uruguay,2006.0,4.75155,31 December 2006,,,,,"UNHCR based on National data on refugee populations, available at UNHCR refugee statistics (https://www.unhcr.org/refugee-statistics/), and National population estimates, available in the World Population Prospects (https://population.un.org/wpp/).",,,,,,,,,,,,C,,,,G,,,PER_100000_POP
10.0,10.7,10.7.4,SM_POP_REFG_OR,"Number of refugees per 100,000 population, by country of origin (per 100,000 population)",858.0,Uruguay,2007.0,5.79159,31 December 2007,,,,,"UNHCR based on National data on refugee populations, available at UNHCR refugee statistics (https://www.unhcr.org/refugee-statistics/), and National population estimates, available in the World Population Prospects (https://population.un.org/wpp/).",,,,,,,,,,,,C,,,,G,,,PER_100000_POP
10.0,10.7,10.7.4,SM_POP_REFG_OR,"Number of refugees per 100,000 population, by country of origin (per 100,000 population)",858.0,Uruguay,2008.0,5.808,31 December 2008,,,,,"UNHCR based on National data on refugee populations, available at UNHCR refugee statistics (https://www.unhcr.org/refugee-statistics/), and National population estimates, available in the World Population Prospects (https://population.un.org/wpp/).",,,,,,,,,,,,C,,,,G,,,PER_100000_POP
10.0,10.7,10.7.4,SM_POP_REFG_OR,"Number of refugees per 100,000 population, by country of origin (per 100,000 population)",858.0,Uruguay,2009.0,5.46518,31 December 2009,,,,,"UNHCR based on National data on refugee populations, available at UNHCR refugee statistics (https://www.unhcr.org/refugee-statistics/), and National population estimates, available in the World Population Prospects (https://population.un.org/wpp/).",,,,,,,,,,,,C,,,,G,,,PER_100000_POP
10.0,10.7,10.7.4,SM_POP_REFG_OR,"Number of refugees per 100,000 population, by country of origin (per 100,000 population)",858.0,Uruguay,2010.0,5.51055,31 December 2010,,,,,"UNHCR based on National data on refugee populations, available at UNHCR refugee statistics (https://www.unhcr.org/refugee-statistics/), and National population estimates, available in the World Population Prospects (https://population.un.org/wpp/).",,,,,,,,,,,,C,,,,G,,,PER_100000_POP
10.0,10.7,10.7.4,SM_POP_REFG_OR,"Number of refugees per 100,000 population, by country of origin (per 100,000 population)",858.0,Uruguay,2011.0,5.436,31 December 2011,,,,,"UNHCR based on National data on refugee populations, available at UNHCR refugee statistics (https://www.unhcr.org/refugee-statistics/), and National population estimates, available in the World Population Prospects (https://population.un.org/wpp/).",,,,,,,,,,,,C,,,,G,,,PER_100000_POP
10.0,10.7,10.7.4,SM_POP_REFG_OR,"Number of refugees per 100,000 population, by country of origin (per 100,000 population)",858.0,Uruguay,2012.0,4.97605,31 December 2012,,,,,"UNHCR based on National data on refugee populations, available at UNHCR refugee statistics (https://www.unhcr.org/refugee-statistics/), and National population estimates, available in the World Population Prospects (https://population.un.org/wpp/).",,,,,,,,,,,,C,,,,G,,,PER_100000_POP
10.0,10.7,10.7.4,SM_POP_REFG_OR,"Number of refugees per 100,000 population, by country of origin (per 100,000 population)",858.0,Uruguay,2013.0,4.25218,31 December 2013,,,,,"UNHCR based on National data on refugee populations, available at UNHCR refugee statistics (https://www.unhcr.org/refugee-statistics/), and National population estimates, available in the World Population Prospects (https://population.un.org/wpp/).",,,,,,,,,,,,C,,,,G,,,PER_100000_POP
10.0,10.7,10.7.4,SM_POP_REFG_OR,"Number of refugees per 100,000 population, by country of origin (per 100,000 population)",858.0,Uruguay,2014.0,3.503,31 December 2014,,,,,"UNHCR based on National data on refugee populations, available at UNHCR refugee statistics (https://www.unhcr.org/refugee-statistics/), and National population estimates, available in the World Population Prospects (https://population.un.org/wpp/).",,,,,,,,,,,,C,,,,G,,,PER_100000_POP
10.0,10.7,10.7.4,SM_POP_REFG_OR,"Number of refugees per 100,000 population, by country of origin (per 100,000 population)",858.0,Uruguay,2015.0,2.46424,31 December 2015,,,,,"UNHCR based on National data on refugee populations, available at UNHCR refugee statistics (https://www.unhcr.org/refugee-statistics/), and National population estimates, available in the World Population Prospects (https://population.un.org/wpp/).",,,,,,,,,,,,C,,,,G,,,PER_100000_POP
10.0,10.7,10.7.4,SM_POP_REFG_OR,"Number of refugees per 100,000 population, by country of origin (per 100,000 population)",858.0,Uruguay,2016.0,0.67273,31 December 2016,,,,,"UNHCR based on National data on refugee populations, available at UNHCR refugee statistics (https://www.unhcr.org/refugee-statistics/), and National population estimates, available in the World Population Prospects (https://population.un.org/wpp/).",,,,,,,,,,,,C,,,,G,,,PER_100000_POP
10.0,10.7,10.7.4,SM_POP_REFG_OR,"Number of refugees per 100,000 population, by country of origin (per 100,000 population)",858.0,Uruguay,2017.0,0.35031,31 December 2017,,,,,"UNHCR based on National data on refugee populations, available at UNHCR refugee statistics (https://www.unhcr.org/refugee-statistics/), and National population estimates, available in the World Population Prospects (https://population.un.org/wpp/).",,,,,,,,,,,,C,,,,G,,,PER_100000_POP
10.0,10.7,10.7.4,SM_POP_REFG_OR,"Number of refugees per 100,000 population, by country of origin (per 100,000 population)",858.0,Uruguay,2018.0,0.20417,31 December 2018,,,,,"UNHCR based on National data on refugee populations, available at UNHCR refugee statistics (https://www.unhcr.org/refugee-statistics/), and National population estimates, available in the World Population Prospects (https://population.un.org/wpp/).",,,,,,,,,,,,C,,,,G,,,PER_100000_POP
10.0,10.7,10.7.4,SM_POP_REFG_OR,"Number of refugees per 100,000 population, by country of origin (per 100,000 population)",858.0,Uruguay,2019.0,0.43754,31 December 2019,,,,,"UNHCR based on National data on refugee populations, available at UNHCR refugee statistics (https://www.unhcr.org/refugee-statistics/), and National population estimates, available in the World Population Prospects (https://population.un.org/wpp/).",,,,,,,,,,,,C,,,,G,,,PER_100000_POP
10.0,10.7,10.7.4,SM_POP_REFG_OR,"Number of refugees per 100,000 population, by country of origin (per 100,000 population)",858.0,Uruguay,2020.0,0.43733,31 December 2020,,,,,"UNHCR based on National data on refugee populations, available at UNHCR refugee statistics (https://www.unhcr.org/refugee-statistics/), and National population estimates, available in the World Population Prospects (https://population.un.org/wpp/).",,,,,,,,,,,,C,,,,G,,,PER_100000_POP
10.0,10.7,10.7.4,SM_POP_REFG_OR,"Number of refugees per 100,000 population, by country of origin (per 100,000 population)",858.0,Uruguay,2021.0,1.31477,31 December 2021,,,,,"UNHCR based on National data on refugee populations, available at UNHCR refugee statistics (https://www.unhcr.org/refugee-statistics/), and National population estimates, available in the World Population Prospects (https://population.un.org/wpp/).",,,,,,,,,,,,C,,,,G,,,PER_100000_POP
10.0,10.7,10.7.4,SM_POP_REFG_OR,"Number of refugees per 100,000 population, by country of origin (per 100,000 population)",858.0,Uruguay,2022.0,2.01586,30 June 2022,,,,,"UNHCR based on National data on refugee populations, available at UNHCR refugee statistics (https://www.unhcr.org/refugee-statistics/), and National population estimates, available in the World Population Prospects (https://population.un.org/wpp/).",,,,,,,,,,,,C,,,,G,,,PER_100000_POP
10.0,10.7,10.7.3,SM_DTH_MIGR,Total deaths and disappearances recorded during migration (number),858.0,Uruguay,2014.0,,2014,,,,,IOM Missing Migrant Project,,Not provided or not available,,,,,,,,,,G,,,,G,,,NUMBER
10.0,10.7,10.7.3,SM_DTH_MIGR,Total deaths and disappearances recorded during migration (number),858.0,Uruguay,2015.0,,2015,,,,,IOM Missing Migrant Project,,Not provided or not available,,,,,,,,,,G,,,,G,,,NUMBER
10.0,10.7,10.7.3,SM_DTH_MIGR,Total deaths and disappearances recorded during migration (number),858.0,Uruguay,2016.0,,2016,,,,,IOM Missing Migrant Project,,Not provided or not available,,,,,,,,,,G,,,,G,,,NUMBER
10.0,10.7,10.7.3,SM_DTH_MIGR,Total deaths and disappearances recorded during migration (number),858.0,Uruguay,2017.0,,2017,,,,,IOM Missing Migrant Project,,Not provided or not available,,,,,,,,,,G,,,,G,,,NUMBER
10.0,10.7,10.7.3,SM_DTH_MIGR,Total deaths and disappearances recorded during migration (number),858.0,Uruguay,2018.0,,2018,,,,,IOM Missing Migrant Project,,Not provided or not available,,,,,,,,,,G,,,,G,,,NUMBER
10.0,10.7,10.7.3,SM_DTH_MIGR,Total deaths and disappearances recorded during migration (number),858.0,Uruguay,2019.0,,2019,,,,,IOM Missing Migrant Project,,Not provided or not available,,,,,,,,,,G,,,,G,,,NUMBER
10.0,10.7,10.7.3,SM_DTH_MIGR,Total deaths and disappearances recorded during migration (number),858.0,Uruguay,2020.0,,2020,,,,,IOM Missing Migrant Project,,Not provided or not available,,,,,,,,,,G,,,,G,,,NUMBER
10.0,10.7,10.7.3,SM_DTH_MIGR,Total deaths and disappearances recorded during migration (number),858.0,Uruguay,2021.0,,2021,,,,,IOM Missing Migrant Project,,Not provided or not available,,,,,,,,,,G,,,,G,,,NUMBER
10.0,10.7,10.7.3,SM_DTH_MIGR,Total deaths and disappearances recorded during migration (number),858.0,Uruguay,2022.0,,2022,,,,,IOM Missing Migrant Project,,Not provided or not available,,,,,,,,,,G,,,,G,,,NUMBER
10.0,10.a,10.a.1,TM_TRF_ZERO,Proportion of tariff lines applied to imports with zero-tariff (%),858.0,Uruguay,2005.0,0.0,2005,,,,,ITC/UNCTAD/WTO database,,,,,,,,,,,,C,,,,G,,ARM,PERCENT
10.0,10.a,10.a.1,TM_TRF_ZERO,Proportion of tariff lines applied to imports with zero-tariff (%),858.0,Uruguay,2005.0,62.59039,2005,,,,,ITC/UNCTAD/WTO database,,,,,,,,,,,,C,,,,G,,ALP,PERCENT
10.0,10.a,10.a.1,TM_TRF_ZERO,Proportion of tariff lines applied to imports with zero-tariff (%),858.0,Uruguay,2005.0,47.54522,2005,,,,,ITC/UNCTAD/WTO database,,,,,,,,,,,,C,,,,G,,CLO,PERCENT
10.0,10.a,10.a.1,TM_TRF_ZERO,Proportion of tariff lines applied to imports with zero-tariff (%),858.0,Uruguay,2005.0,49.26079,2005,,,,,ITC/UNCTAD/WTO database,,,,,,,,,,,,C,,,,G,,AGR,PERCENT
10.0,10.a,10.a.1,TM_TRF_ZERO,Proportion of tariff lines applied to imports with zero-tariff (%),858.0,Uruguay,2005.0,45.47945,2005,,,,,ITC/UNCTAD/WTO database,,,,,,,,,,,,C,,,,G,,TEX,PERCENT
10.0,10.a,10.a.1,TM_TRF_ZERO,Proportion of tariff lines applied to imports with zero-tariff (%),858.0,Uruguay,2005.0,70.1418,2005,,,,,ITC/UNCTAD/WTO database,,,,,,,,,,,,C,,,,G,,IND,PERCENT
10.0,10.a,10.a.1,TM_TRF_ZERO,Proportion of tariff lines applied to imports with zero-tariff (%),858.0,Uruguay,2010.0,76.07942,2010,,,,,ITC/UNCTAD/WTO database,,,,,,,,,,,,C,,,,G,,IND,PERCENT
10.0,10.a,10.a.1,TM_TRF_ZERO,Proportion of tariff lines applied to imports with zero-tariff (%),858.0,Uruguay,2010.0,54.49438,2010,,,,,ITC/UNCTAD/WTO database,,,,,,,,,,,,C,,,,G,,TEX,PERCENT
10.0,10.a,10.a.1,TM_TRF_ZERO,Proportion of tariff lines applied to imports with zero-tariff (%),858.0,Uruguay,2010.0,50.35539,2010,,,,,ITC/UNCTAD/WTO database,,,,,,,,,,,,C,,,,G,,AGR,PERCENT
10.0,10.a,10.a.1,TM_TRF_ZERO,Proportion of tariff lines applied to imports with zero-tariff (%),858.0,Uruguay,2010.0,53.43137,2010,,,,,ITC/UNCTAD/WTO database,,,,,,,,,,,,C,,,,G,,CLO,PERCENT
10.0,10.a,10.a.1,TM_TRF_ZERO,Proportion of tariff lines applied to imports with zero-tariff (%),858.0,Uruguay,2010.0,68.61771,2010,,,,,ITC/UNCTAD/WTO database,,,,,,,,,,,,C,,,,G,,ALP,PERCENT
10.0,10.a,10.a.1,TM_TRF_ZERO,Proportion of tariff lines applied to imports with zero-tariff (%),858.0,Uruguay,2010.0,40.0,2010,,,,,ITC/UNCTAD/WTO database,,,,,,,,,,,,C,,,,G,,ARM,PERCENT
10.0,10.a,10.a.1,TM_TRF_ZERO,Proportion of tariff lines applied to imports with zero-tariff (%),858.0,Uruguay,2015.0,14.28571,2015,,,,,ITC/UNCTAD/WTO database,,,,,,,,,,,,C,,,,G,,ARM,PERCENT
10.0,10.a,10.a.1,TM_TRF_ZERO,Proportion of tariff lines applied to imports with zero-tariff (%),858.0,Uruguay,2015.0,74.5488,2015,,,,,ITC/UNCTAD/WTO database,,,,,,,,,,,,C,,,,G,,ALP,PERCENT
10.0,10.a,10.a.1,TM_TRF_ZERO,Proportion of tariff lines applied to imports with zero-tariff (%),858.0,Uruguay,2015.0,56.23145,2015,,,,,ITC/UNCTAD/WTO database,,,,,,,,,,,,C,,,,G,,CLO,PERCENT
10.0,10.a,10.a.1,TM_TRF_ZERO,Proportion of tariff lines applied to imports with zero-tariff (%),858.0,Uruguay,2015.0,55.98688,2015,,,,,ITC/UNCTAD/WTO database,,,,,,,,,,,,C,,,,G,,AGR,PERCENT
10.0,10.a,10.a.1,TM_TRF_ZERO,Proportion of tariff lines applied to imports with zero-tariff (%),858.0,Uruguay,2015.0,59.18367,2015,,,,,ITC/UNCTAD/WTO database,,,,,,,,,,,,C,,,,G,,TEX,PERCENT
10.0,10.a,10.a.1,TM_TRF_ZERO,Proportion of tariff lines applied to imports with zero-tariff (%),858.0,Uruguay,2015.0,80.74483,2015,,,,,ITC/UNCTAD/WTO database,,,,,,,,,,,,C,,,,G,,IND,PERCENT
10.0,10.a,10.a.1,TM_TRF_ZERO,Proportion of tariff lines applied to imports with zero-tariff (%),858.0,Uruguay,2016.0,76.30311,2016,,,,,ITC/UNCTAD/WTO database,,,,,,,,,,,,C,,,,G,,IND,PERCENT
10.0,10.a,10.a.1,TM_TRF_ZERO,Proportion of tariff lines applied to imports with zero-tariff (%),858.0,Uruguay,2016.0,56.15385,2016,,,,,ITC/UNCTAD/WTO database,,,,,,,,,,,,C,,,,G,,TEX,PERCENT
10.0,10.a,10.a.1,TM_TRF_ZERO,Proportion of tariff lines applied to imports with zero-tariff (%),858.0,Uruguay,2016.0,54.62339,2016,,,,,ITC/UNCTAD/WTO database,,,,,,,,,,,,C,,,,G,,AGR,PERCENT
10.0,10.a,10.a.1,TM_TRF_ZERO,Proportion of tariff lines applied to imports with zero-tariff (%),858.0,Uruguay,2016.0,52.76596,2016,,,,,ITC/UNCTAD/WTO database,,,,,,,,,,,,C,,,,G,,CLO,PERCENT
10.0,10.a,10.a.1,TM_TRF_ZERO,Proportion of tariff lines applied to imports with zero-tariff (%),858.0,Uruguay,2016.0,70.01252,2016,,,,,ITC/UNCTAD/WTO database,,,,,,,,,,,,C,,,,G,,ALP,PERCENT
10.0,10.a,10.a.1,TM_TRF_ZERO,Proportion of tariff lines applied to imports with zero-tariff (%),858.0,Uruguay,2016.0,14.28571,2016,,,,,ITC/UNCTAD/WTO database,,,,,,,,,,,,C,,,,G,,ARM,PERCENT
10.0,10.a,10.a.1,TM_TRF_ZERO,Proportion of tariff lines applied to imports with zero-tariff (%),858.0,Uruguay,2017.0,50.0,2017,,,,,ITC/UNCTAD/WTO database,,,,,,,,,,,,C,,,,G,,ARM,PERCENT
10.0,10.a,10.a.1,TM_TRF_ZERO,Proportion of tariff lines applied to imports with zero-tariff (%),858.0,Uruguay,2017.0,68.62829,2017,,,,,ITC/UNCTAD/WTO database,,,,,,,,,,,,C,,,,G,,ALP,PERCENT
10.0,10.a,10.a.1,TM_TRF_ZERO,Proportion of tariff lines applied to imports with zero-tariff (%),858.0,Uruguay,2017.0,53.67561,2017,,,,,ITC/UNCTAD/WTO database,,,,,,,,,,,,C,,,,G,,AGR,PERCENT
10.0,10.a,10.a.1,TM_TRF_ZERO,Proportion of tariff lines applied to imports with zero-tariff (%),858.0,Uruguay,2017.0,52.7027,2017,,,,,ITC/UNCTAD/WTO database,,,,,,,,,,,,C,,,,G,,TEX,PERCENT
10.0,10.a,10.a.1,TM_TRF_ZERO,Proportion of tariff lines applied to imports with zero-tariff (%),858.0,Uruguay,2017.0,55.85413,2017,,,,,ITC/UNCTAD/WTO database,,,,,,,,,,,,C,,,,G,,CLO,PERCENT
10.0,10.a,10.a.1,TM_TRF_ZERO,Proportion of tariff lines applied to imports with zero-tariff (%),858.0,Uruguay,2017.0,74.36013,2017,,,,,ITC/UNCTAD/WTO database,,,,,,,,,,,,C,,,,G,,IND,PERCENT
10.0,10.a,10.a.1,TM_TRF_ZERO,Proportion of tariff lines applied to imports with zero-tariff (%),858.0,Uruguay,2017.0,100.0,2017,,,,,ITC/UNCTAD/WTO database,,,,,,,,,,,,C,,,,G,,OIL,PERCENT
10.0,10.a,10.a.1,TM_TRF_ZERO,Proportion of tariff lines applied to imports with zero-tariff (%),858.0,Uruguay,2018.0,50.0,2018,,,,,ITC/UNCTAD/WTO database,,,,,,,,,,,,C,,,,G,,ARM,PERCENT
10.0,10.a,10.a.1,TM_TRF_ZERO,Proportion of tariff lines applied to imports with zero-tariff (%),858.0,Uruguay,2018.0,53.00546,2018,,,,,ITC/UNCTAD/WTO database,,,,,,,,,,,,C,,,,G,,TEX,PERCENT
10.0,10.a,10.a.1,TM_TRF_ZERO,Proportion of tariff lines applied to imports with zero-tariff (%),858.0,Uruguay,2018.0,100.0,2018,,,,,ITC/UNCTAD/WTO database,,,,,,,,,,,,C,,,,G,,OIL,PERCENT
10.0,10.a,10.a.1,TM_TRF_ZERO,Proportion of tariff lines applied to imports with zero-tariff (%),858.0,Uruguay,2018.0,76.40572,2018,,,,,ITC/UNCTAD/WTO database,,,,,,,,,,,,C,,,,G,,IND,PERCENT
10.0,10.a,10.a.1,TM_TRF_ZERO,Proportion of tariff lines applied to imports with zero-tariff (%),858.0,Uruguay,2018.0,59.71074,2018,,,,,ITC/UNCTAD/WTO database,,,,,,,,,,,,C,,,,G,,CLO,PERCENT
10.0,10.a,10.a.1,TM_TRF_ZERO,Proportion of tariff lines applied to imports with zero-tariff (%),858.0,Uruguay,2018.0,70.60002,2018,,,,,ITC/UNCTAD/WTO database,,,,,,,,,,,,C,,,,G,,ALP,PERCENT
10.0,10.a,10.a.1,TM_TRF_ZERO,Proportion of tariff lines applied to imports with zero-tariff (%),858.0,Uruguay,2018.0,55.4567,2018,,,,,ITC/UNCTAD/WTO database,,,,,,,,,,,,C,,,,G,,AGR,PERCENT
10.0,10.a,10.a.1,TM_TRF_ZERO,Proportion of tariff lines applied to imports with zero-tariff (%),858.0,Uruguay,2019.0,50.90568,2019,,,,,ITC/UNCTAD/WTO database,,,,,,,,,,,,C,,,,G,,AGR,PERCENT
10.0,10.a,10.a.1,TM_TRF_ZERO,Proportion of tariff lines applied to imports with zero-tariff (%),858.0,Uruguay,2019.0,50.0,2019,,,,,ITC/UNCTAD/WTO database,,,,,,,,,,,,C,,,,G,,ARM,PERCENT
10.0,10.a,10.a.1,TM_TRF_ZERO,Proportion of tariff lines applied to imports with zero-tariff (%),858.0,Uruguay,2019.0,67.79292,2019,,,,,ITC/UNCTAD/WTO database,,,,,,,,,,,,C,,,,G,,ALP,PERCENT
10.0,10.a,10.a.1,TM_TRF_ZERO,Proportion of tariff lines applied to imports with zero-tariff (%),858.0,Uruguay,2019.0,48.3871,2019,,,,,ITC/UNCTAD/WTO database,,,,,,,,,,,,C,,,,G,,TEX,PERCENT
10.0,10.a,10.a.1,TM_TRF_ZERO,Proportion of tariff lines applied to imports with zero-tariff (%),858.0,Uruguay,2019.0,74.01551,2019,,,,,ITC/UNCTAD/WTO database,,,,,,,,,,,,C,,,,G,,IND,PERCENT
10.0,10.a,10.a.1,TM_TRF_ZERO,Proportion of tariff lines applied to imports with zero-tariff (%),858.0,Uruguay,2019.0,52.58126,2019,,,,,ITC/UNCTAD/WTO database,,,,,,,,,,,,C,,,,G,,CLO,PERCENT
10.0,10.a,10.a.1,TM_TRF_ZERO,Proportion of tariff lines applied to imports with zero-tariff (%),858.0,Uruguay,2020.0,43.97463,2020,,,,,ITC/UNCTAD/WTO database,,,,,,,,,,,,C,,,,G,,CLO,PERCENT
10.0,10.a,10.a.1,TM_TRF_ZERO,Proportion of tariff lines applied to imports with zero-tariff (%),858.0,Uruguay,2020.0,66.80641,2020,,,,,ITC/UNCTAD/WTO database,,,,,,,,,,,,C,,,,G,,ALP,PERCENT
10.0,10.a,10.a.1,TM_TRF_ZERO,Proportion of tariff lines applied to imports with zero-tariff (%),858.0,Uruguay,2020.0,73.58162,2020,,,,,ITC/UNCTAD/WTO database,,,,,,,,,,,,C,,,,G,,IND,PERCENT
10.0,10.a,10.a.1,TM_TRF_ZERO,Proportion of tariff lines applied to imports with zero-tariff (%),858.0,Uruguay,2020.0,53.52113,2020,,,,,ITC/UNCTAD/WTO database,,,,,,,,,,,,C,,,,G,,TEX,PERCENT
10.0,10.a,10.a.1,TM_TRF_ZERO,Proportion of tariff lines applied to imports with zero-tariff (%),858.0,Uruguay,2020.0,50.0,2020,,,,,ITC/UNCTAD/WTO database,,,,,,,,,,,,C,,,,G,,OIL,PERCENT
10.0,10.a,10.a.1,TM_TRF_ZERO,Proportion of tariff lines applied to imports with zero-tariff (%),858.0,Uruguay,2020.0,50.0,2020,,,,,ITC/UNCTAD/WTO database,,,,,,,,,,,,C,,,,G,,ARM,PERCENT
10.0,10.a,10.a.1,TM_TRF_ZERO,Proportion of tariff lines applied to imports with zero-tariff (%),858.0,Uruguay,2020.0,51.65315,2020,,,,,ITC/UNCTAD/WTO database,,,,,,,,,,,,C,,,,G,,AGR,PERCENT
10.0,10.a,10.a.1,TM_TRF_ZERO,Proportion of tariff lines applied to imports with zero-tariff (%),858.0,Uruguay,2021.0,39.14591,2021,,,,,ITC/UNCTAD/WTO database,,,,,,,,,,,,C,,,,G,,CLO,PERCENT
10.0,10.a,10.a.1,TM_TRF_ZERO,Proportion of tariff lines applied to imports with zero-tariff (%),858.0,Uruguay,2021.0,52.11765,2021,,,,,ITC/UNCTAD/WTO database,,,,,,,,,,,,C,,,,G,,AGR,PERCENT
10.0,10.a,10.a.1,TM_TRF_ZERO,Proportion of tariff lines applied to imports with zero-tariff (%),858.0,Uruguay,2021.0,100.0,2021,,,,,ITC/UNCTAD/WTO database,,,,,,,,,,,,C,,,,G,,ARM,PERCENT
10.0,10.a,10.a.1,TM_TRF_ZERO,Proportion of tariff lines applied to imports with zero-tariff (%),858.0,Uruguay,2021.0,70.46192,2021,,,,,ITC/UNCTAD/WTO database,,,,,,,,,,,,C,,,,G,,ALP,PERCENT
10.0,10.a,10.a.1,TM_TRF_ZERO,Proportion of tariff lines applied to imports with zero-tariff (%),858.0,Uruguay,2021.0,57.98046,2021,,,,,ITC/UNCTAD/WTO database,,,,,,,,,,,,C,,,,G,,TEX,PERCENT
10.0,10.a,10.a.1,TM_TRF_ZERO,Proportion of tariff lines applied to imports with zero-tariff (%),858.0,Uruguay,2021.0,78.71272,2021,,,,,ITC/UNCTAD/WTO database,,,,,,,,,,,,C,,,,G,,IND,PERCENT
10.0,10.b,10.b.1,DC_TRF_TOTL,"Total assistance for development, by recipient countries (millions of current United States dollars)",858.0,Uruguay,2000.0,502.03315,2000,,,,,The Organisation for Economic Co-operation and Development (OECD).,,"Net Disbursements, Based on OECD, DAC database, 2023, Current USD million",,,,,,,,,,C,,,,G,,,CU_USD_M
10.0,10.b,10.b.1,DC_TRF_TOTL,"Total assistance for development, by recipient countries (millions of current United States dollars)",858.0,Uruguay,2001.0,475.86835,2001,,,,,The Organisation for Economic Co-operation and Development (OECD).,,"Net Disbursements, Based on OECD, DAC database, 2023, Current USD million",,,,,,,,,,C,,,,G,,,CU_USD_M
10.0,10.b,10.b.1,DC_TRF_TOTL,"Total assistance for development, by recipient countries (millions of current United States dollars)",858.0,Uruguay,2002.0,941.73007,2002,,,,,The Organisation for Economic Co-operation and Development (OECD).,,"Net Disbursements, Based on OECD, DAC database, 2023, Current USD million",,,,,,,,,,C,,,,G,,,CU_USD_M
10.0,10.b,10.b.1,DC_TRF_TOTL,"Total assistance for development, by recipient countries (millions of current United States dollars)",858.0,Uruguay,2003.0,-114.72867,2003,,,,,The Organisation for Economic Co-operation and Development (OECD).,,"Net Disbursements, Based on OECD, DAC database, 2023, Current USD million",,,,,,,,,,C,,,,G,,,CU_USD_M
10.0,10.b,10.b.1,DC_TRF_TOTL,"Total assistance for development, by recipient countries (millions of current United States dollars)",858.0,Uruguay,2004.0,-197.50367,2004,,,,,The Organisation for Economic Co-operation and Development (OECD).,,"Net Disbursements, Based on OECD, DAC database, 2023, Current USD million",,,,,,,,,,C,,,,G,,,CU_USD_M
10.0,10.b,10.b.1,DC_TRF_TOTL,"Total assistance for development, by recipient countries (millions of current United States dollars)",858.0,Uruguay,2005.0,519.9255,2005,,,,,The Organisation for Economic Co-operation and Development (OECD).,,"Net Disbursements, Based on OECD, DAC database, 2023, Current USD million",,,,,,,,,,C,,,,G,,,CU_USD_M
10.0,10.b,10.b.1,DC_TRF_TOTL,"Total assistance for development, by recipient countries (millions of current United States dollars)",858.0,Uruguay,2006.0,1789.185,2006,,,,,The Organisation for Economic Co-operation and Development (OECD).,,"Net Disbursements, Based on OECD, DAC database, 2023, Current USD million",,,,,,,,,,C,,,,G,,,CU_USD_M
10.0,10.b,10.b.1,DC_TRF_TOTL,"Total assistance for development, by recipient countries (millions of current United States dollars)",858.0,Uruguay,2007.0,1838.69467,2007,,,,,The Organisation for Economic Co-operation and Development (OECD).,,"Net Disbursements, Based on OECD, DAC database, 2023, Current USD million",,,,,,,,,,C,,,,G,,,CU_USD_M
10.0,10.b,10.b.1,DC_TRF_TOTL,"Total assistance for development, by recipient countries (millions of current United States dollars)",858.0,Uruguay,2008.0,745.26152,2008,,,,,The Organisation for Economic Co-operation and Development (OECD).,,"Net Disbursements, Based on OECD, DAC database, 2023, Current USD million",,,,,,,,,,C,,,,G,,,CU_USD_M
10.0,10.b,10.b.1,DC_TRF_TOTL,"Total assistance for development, by recipient countries (millions of current United States dollars)",858.0,Uruguay,2009.0,-23.87348,2009,,,,,The Organisation for Economic Co-operation and Development (OECD).,,"Net Disbursements, Based on OECD, DAC database, 2023, Current USD million",,,,,,,,,,C,,,,G,,,CU_USD_M
10.0,10.b,10.b.1,DC_TRF_TOTL,"Total assistance for development, by recipient countries (millions of current United States dollars)",858.0,Uruguay,2010.0,91.87652,2010,,,,,The Organisation for Economic Co-operation and Development (OECD).,,"Net Disbursements, Based on OECD, DAC database, 2023, Current USD million",,,,,,,,,,C,,,,G,,,CU_USD_M
10.0,10.b,10.b.1,DC_TRF_TOTL,"Total assistance for development, by recipient countries (millions of current United States dollars)",858.0,Uruguay,2011.0,1119.72101,2011,,,,,The Organisation for Economic Co-operation and Development (OECD).,,"Net Disbursements, Based on OECD, DAC database, 2023, Current USD million",,,,,,,,,,C,,,,G,,,CU_USD_M
10.0,10.b,10.b.1,DC_TRF_TOTL,"Total assistance for development, by recipient countries (millions of current United States dollars)",858.0,Uruguay,2012.0,1266.97444,2012,,,,,The Organisation for Economic Co-operation and Development (OECD).,,"Net Disbursements, Based on OECD, DAC database, 2023, Current USD million",,,,,,,,,,C,,,,G,,,CU_USD_M
10.0,10.b,10.b.1,DC_TRF_TOTL,"Total assistance for development, by recipient countries (millions of current United States dollars)",858.0,Uruguay,2013.0,436.51689,2013,,,,,The Organisation for Economic Co-operation and Development (OECD).,,"Net Disbursements, Based on OECD, DAC database, 2023, Current USD million",,,,,,,,,,C,,,,G,,,CU_USD_M
10.0,10.b,10.b.1,DC_TRF_TOTL,"Total assistance for development, by recipient countries (millions of current United States dollars)",858.0,Uruguay,2014.0,1108.86249,2014,,,,,The Organisation for Economic Co-operation and Development (OECD).,,"Net Disbursements, Based on OECD, DAC database, 2023, Current USD million",,,,,,,,,,C,,,,G,,,CU_USD_M
10.0,10.b,10.b.1,DC_TRF_TOTL,"Total assistance for development, by recipient countries (millions of current United States dollars)",858.0,Uruguay,2015.0,1711.2425,2015,,,,,The Organisation for Economic Co-operation and Development (OECD).,,"Net Disbursements, Based on OECD, DAC database, 2023, Current USD million",,,,,,,,,,C,,,,G,,,CU_USD_M
10.0,10.b,10.b.1,DC_TRF_TOTL,"Total assistance for development, by recipient countries (millions of current United States dollars)",858.0,Uruguay,2016.0,1531.20581,2016,,,,,The Organisation for Economic Co-operation and Development (OECD).,,"Net Disbursements, Based on OECD, DAC database, 2023, Current USD million",,,,,,,,,,C,,,,G,,,CU_USD_M
10.0,10.b,10.b.1,DC_TRF_TOTL,"Total assistance for development, by recipient countries (millions of current United States dollars)",858.0,Uruguay,2017.0,1681.11237,2017,,,,,The Organisation for Economic Co-operation and Development (OECD).,,"Net Disbursements, Based on OECD, DAC database, 2023, Current USD million",,,,,,,,,,C,,,,G,,,CU_USD_M
,,,,,,,,,,,,,,,,,,,,,,,,,,,,,,,,,
